Date(UTC),Symbol,Side,Price,Quantity,Amount,Fee,Fee Coin,Realized Profit,Quote Asset
2026-01-15 15:02:52,BARDUSDT,SELL,0.9085,86.00000000,78.1310000000000000,0.03906550,USDT,0.49020000,USDT
2026-01-15 15:02:52,BARDUSDT,SELL,0.9085,23.00000000,20.8955000000000000,0.01044775,USDT,0.13110000,USDT
2026-01-15 14:49:50,ZENUSDT,BUY,12.423,2.30000000,28.5729000000000000,0.01428645,USDT,-0.25573125,USDT
2026-01-15 14:49:50,ZENUSDT,BUY,12.423,5.70000000,70.8111000000000000,0.03540555,USDT,-0.63376875,USDT
2026-01-15 14:19:38,BARDUSDT,BUY,0.9028,106.00000000,95.6968000000000000,0.04784840,USDT,0.00000000,USDT
2026-01-15 14:19:38,BARDUSDT,BUY,0.9028,3.00000000,2.7084000000000000,0.00135420,USDT,0.00000000,USDT
2026-01-15 14:17:54,ZENUSDT,SELL,12.311,1.50000000,18.4665000000000000,0.00923325,USDT,0.00000000,USDT
2026-01-15 14:17:54,ZENUSDT,SELL,12.312,0.80000000,9.8496000000000000,0.00492480,USDT,0.00000000,USDT
2026-01-15 14:17:54,ZENUSDT,SELL,12.312,5.70000000,70.1784000000000000,0.03508920,USDT,0.00000000,USDT
2026-01-15 14:02:35,FRAXUSDT,BUY,1.1292,14.00000000,15.8088000000000000,0.00790440,USDT,0.15960000,USDT
2026-01-15 14:02:35,FRAXUSDT,BUY,1.1292,18.00000000,20.3256000000000000,0.01016280,USDT,0.20520000,USDT
2026-01-15 14:02:35,FRAXUSDT,BUY,1.1292,8.00000000,9.0336000000000000,0.00451679,USDT,0.09120000,USDT
2026-01-15 14:02:35,FRAXUSDT,BUY,1.1291,56.00000000,63.2296000000000000,0.03161480,USDT,0.64400000,USDT
2026-01-15 13:49:18,DASHUSDT,SELL,81.13,0.34200000,27.7464600000000000,0.01387323,USDT,-0.86868000,USDT
2026-01-15 13:49:18,DASHUSDT,SELL,81.13,0.83500000,67.7435500000000000,0.03387177,USDT,-2.12090000,USDT
2026-01-15 13:49:18,DASHUSDT,SELL,81.13,0.15900000,12.8996700000000000,0.00644983,USDT,-0.40386000,USDT
2026-01-15 13:48:12,FRAXUSDT,SELL,1.1406,96.00000000,109.4976000000000000,0.05474880,USDT,0.00000000,USDT
2026-01-15 13:43:25,DASHUSDT,BUY,83.67,0.63000000,52.7121000000000000,0.02635605,USDT,0.00000000,USDT
2026-01-15 13:43:25,DASHUSDT,BUY,83.67,0.12300000,10.2914100000000000,0.00514570,USDT,0.00000000,USDT
2026-01-15 13:43:25,DASHUSDT,BUY,83.67,0.58300000,48.7796100000000000,0.02438980,USDT,0.00000000,USDT
2026-01-15 13:35:09,DASHUSDT,SELL,83.48,0.74900000,62.5265200000000000,0.03126326,USDT,-1.22836000,USDT
2026-01-15 13:35:09,DASHUSDT,SELL,83.49,0.58000000,48.4242000000000000,0.02421210,USDT,-0.94540000,USDT
2026-01-15 13:35:09,DASHUSDT,SELL,83.49,0.12300000,10.2692700000000000,0.00513463,USDT,-0.20049000,USDT
2026-01-15 13:27:06,DASHUSDT,BUY,85.12,0.84700000,72.0966400000000000,0.03604832,USDT,0.00000000,USDT
2026-01-15 13:27:06,DASHUSDT,BUY,85.12,0.31300000,26.6425600000000000,0.01332128,USDT,0.00000000,USDT
2026-01-15 13:27:06,DASHUSDT,BUY,85.12,0.29200000,24.8550400000000000,0.01242752,USDT,0.00000000,USDT
2026-01-15 11:38:01,DASHUSDT,SELL,81,0.74800000,60.5880000000000000,0.03029400,USDT,-0.86768000,USDT
2026-01-15 11:37:37,DASHUSDT,SELL,81.04,0.24900000,20.1789600000000000,0.01008948,USDT,-0.27888000,USDT
2026-01-15 11:37:37,DASHUSDT,SELL,81.04,0.62700000,50.8120800000000000,0.02540604,USDT,-0.70224000,USDT
2026-01-15 11:30:18,DASHUSDT,BUY,82.16,0.49100000,40.3405600000000000,0.02017027,USDT,0.00000000,USDT
2026-01-15 11:30:18,DASHUSDT,BUY,82.16,1.13300000,93.0872800000000000,0.04654364,USDT,0.00000000,USDT
2026-01-15 10:51:15,DASHUSDT,BUY,81.83,1.96300000,160.6322900000000000,0.08031614,USDT,-4.45601000,USDT
2026-01-15 10:00:31,DASHUSDT,SELL,79.56,1.53500000,122.1246000000000000,0.06106230,USDT,0.00000000,USDT
2026-01-15 10:00:31,DASHUSDT,SELL,79.56,0.09200000,7.3195200000000000,0.00365976,USDT,0.00000000,USDT
2026-01-15 10:00:31,DASHUSDT,SELL,79.56,0.21300000,16.9462800000000000,0.00847314,USDT,0.00000000,USDT
2026-01-15 10:00:31,DASHUSDT,SELL,79.56,0.12300000,9.7858800000000000,0.00489294,USDT,0.00000000,USDT
2026-01-15 09:58:39,ICPUSDT,BUY,4.314,5.00000000,21.5700000000000000,0.01078500,USDT,-0.37500000,USDT
2026-01-15 09:58:35,ICPUSDT,BUY,4.318,36.00000000,155.4480000000000000,0.07772400,USDT,-2.84400000,USDT
2026-01-15 09:51:25,DASHUSDT,BUY,80.01,2.46900000,197.5446900000000000,0.09877234,USDT,-3.90102000,USDT
2026-01-15 09:48:22,ICPUSDT,SELL,4.239,20.00000000,84.7800000000000000,0.04239000,USDT,0.00000000,USDT
2026-01-15 09:48:22,ICPUSDT,SELL,4.239,11.00000000,46.6290000000000000,0.02331450,USDT,0.00000000,USDT
2026-01-15 09:48:22,ICPUSDT,SELL,4.239,10.00000000,42.3900000000000000,0.02119500,USDT,0.00000000,USDT
2026-01-15 09:33:50,DASHUSDT,SELL,78.43,1.92300000,150.8208900000000000,0.07541044,USDT,0.00000000,USDT
2026-01-15 09:33:50,DASHUSDT,SELL,78.43,0.54600000,42.8227800000000000,0.02141139,USDT,0.00000000,USDT
2026-01-15 08:22:52,DASHUSDT,SELL,81.94,2.59400000,212.5523600000000000,0.10627618,USDT,-4.79890000,USDT
2026-01-15 08:05:51,DASHUSDT,BUY,83.79,2.47100000,207.0450900000000000,0.10352254,USDT,0.00000000,USDT
2026-01-15 08:05:51,DASHUSDT,BUY,83.79,0.12300000,10.3061700000000000,0.00515308,USDT,0.00000000,USDT
2026-01-15 06:09:36,DASHUSDT,SELL,80.31,2.00300000,160.8609300000000000,0.08043046,USDT,-2.60390000,USDT
2026-01-15 06:07:00,ICPUSDT,SELL,4.53,35.00000000,158.5500000000000000,0.07927500,USDT,-5.07500000,USDT
2026-01-15 05:41:19,ICPUSDT,BUY,4.675,12.00000000,56.1000000000000000,0.02805000,USDT,0.00000000,USDT
2026-01-15 05:41:19,ICPUSDT,BUY,4.675,20.00000000,93.5000000000000000,0.04675000,USDT,0.00000000,USDT
2026-01-15 05:41:19,ICPUSDT,BUY,4.675,3.00000000,14.0250000000000000,0.00701250,USDT,0.00000000,USDT
2026-01-15 05:39:28,DASHUSDT,BUY,81.61,2.00300000,163.4648300000000000,0.08173241,USDT,0.00000000,USDT
2026-01-15 05:37:07,DASHUSDT,SELL,82.09,0.00100000,0.0820900000000000,0.00004104,USDT,-0.00015725,USDT
2026-01-15 05:35:20,DASHUSDT,SELL,82.19,2.03700000,167.4210300000000000,0.08371051,USDT,-0.11662713,USDT
2026-01-15 05:35:20,DASHUSDT,SELL,82.19,1.64300000,135.0381700000000000,0.06751908,USDT,-0.09406892,USDT
2026-01-15 05:35:20,DASHUSDT,SELL,82.19,0.12200000,10.0271800000000000,0.00501359,USDT,-0.00698503,USDT
2026-01-15 05:35:20,DASHUSDT,SELL,82.2,0.12300000,10.1106000000000000,0.00505530,USDT,-0.00581228,USDT
2026-01-15 05:35:20,DASHUSDT,SELL,82.2,0.08400000,6.9048000000000000,0.00345240,USDT,-0.00396936,USDT
2026-01-15 05:35:17,DASHUSDT,BUY,82.13,0.30600000,25.1317800000000000,0.01256589,USDT,0.00000000,USDT
2026-01-15 05:35:17,DASHUSDT,BUY,82.13,0.20100000,16.5081300000000000,0.00825406,USDT,0.00000000,USDT
2026-01-15 05:35:17,DASHUSDT,BUY,82.13,0.12200000,10.0198600000000000,0.00500993,USDT,0.00000000,USDT
2026-01-15 05:35:17,DASHUSDT,BUY,82.12,0.48700000,39.9924400000000000,0.01999621,USDT,0.00000000,USDT
2026-01-15 05:35:17,DASHUSDT,BUY,82.12,0.12300000,10.1007600000000000,0.00505038,USDT,0.00000000,USDT
2026-01-15 05:35:17,DASHUSDT,BUY,82.12,0.28500000,23.4042000000000000,0.01170210,USDT,0.00000000,USDT
2026-01-15 05:35:17,DASHUSDT,BUY,82.12,0.28500000,23.4042000000000000,0.01170210,USDT,0.00000000,USDT
2026-01-15 05:35:17,DASHUSDT,BUY,82.12,0.18500000,15.1922000000000000,0.00759610,USDT,0.00000000,USDT
2026-01-15 05:34:31,DASHUSDT,BUY,82.37,1.08100000,89.0419700000000000,0.04452098,USDT,0.00000000,USDT
2026-01-15 05:34:31,DASHUSDT,BUY,82.37,0.12300000,10.1315100000000000,0.00506575,USDT,0.00000000,USDT
2026-01-15 05:34:31,DASHUSDT,BUY,82.37,0.81200000,66.8844400000000000,0.03344222,USDT,0.00000000,USDT
2026-01-15 03:27:10,GUNUSDT,BUY,0.03065,5415.00000000,165.9697500000000000,0.03319395,USDT,0.16245000,USDT
2026-01-15 02:48:39,GUNUSDT,SELL,0.03068,5078.00000000,155.7930400000000000,0.07789652,USDT,0.00000000,USDT
2026-01-15 02:48:39,GUNUSDT,SELL,0.03068,337.00000000,10.3391600000000000,0.00516958,USDT,0.00000000,USDT
2026-01-15 02:18:43,DASHUSDT,BUY,81.96,2.43100000,199.2447600000000000,0.09962238,USDT,-5.46975000,USDT
2026-01-15 02:15:57,DASHUSDT,SELL,79.71,2.43100000,193.7750100000000000,0.09688750,USDT,0.00000000,USDT
2026-01-15 01:58:02,ICPUSDT,SELL,4.658,5.00000000,23.2900000000000000,0.01164500,USDT,-0.40500000,USDT
2026-01-15 01:58:02,ICPUSDT,SELL,4.658,5.00000000,23.2900000000000000,0.01164500,USDT,-0.40500000,USDT
2026-01-15 01:58:02,ICPUSDT,SELL,4.658,5.00000000,23.2900000000000000,0.01164500,USDT,-0.40500000,USDT
2026-01-15 01:58:02,ICPUSDT,SELL,4.658,3.00000000,13.9740000000000000,0.00698700,USDT,-0.24300000,USDT
2026-01-15 01:58:02,ICPUSDT,SELL,4.658,5.00000000,23.2900000000000000,0.01164500,USDT,-0.40500000,USDT
2026-01-15 01:58:02,ICPUSDT,SELL,4.658,5.00000000,23.2900000000000000,0.01164500,USDT,-0.40500000,USDT
2026-01-15 01:58:02,ICPUSDT,SELL,4.658,5.00000000,23.2900000000000000,0.01164500,USDT,-0.40500000,USDT
2026-01-15 01:58:02,ICPUSDT,SELL,4.658,5.00000000,23.2900000000000000,0.01164500,USDT,-0.40500000,USDT
2026-01-15 01:58:02,ICPUSDT,SELL,4.658,6.00000000,27.9480000000000000,0.01397400,USDT,-0.48600000,USDT
2026-01-15 01:21:53,ICPUSDT,BUY,4.739,28.00000000,132.6920000000000000,0.06634600,USDT,0.00000000,USDT
2026-01-15 01:21:53,ICPUSDT,BUY,4.739,3.00000000,14.2170000000000000,0.00710850,USDT,0.00000000,USDT
2026-01-15 01:21:53,ICPUSDT,BUY,4.739,8.00000000,37.9120000000000000,0.01895600,USDT,0.00000000,USDT
2026-01-15 01:21:53,ICPUSDT,BUY,4.739,5.00000000,23.6950000000000000,0.01184750,USDT,0.00000000,USDT
2026-01-15 01:14:32,ICPUSDT,SELL,4.74,33.00000000,156.4200000000000000,0.07821000,USDT,4.19100000,USDT
2026-01-15 01:14:32,ICPUSDT,SELL,4.74,2.00000000,9.4800000000000000,0.00474000,USDT,0.25400000,USDT
2026-01-15 01:14:32,ICPUSDT,SELL,4.74,2.00000000,9.4800000000000000,0.00474000,USDT,0.25400000,USDT
2026-01-15 01:14:32,ICPUSDT,SELL,4.74,3.00000000,14.2200000000000000,0.00711000,USDT,0.38100000,USDT
2026-01-15 00:47:05,ICPUSDT,BUY,4.613,40.00000000,184.5200000000000000,0.09226000,USDT,0.00000000,USDT
2026-01-14 23:46:32,DASHUSDT,BUY,79.92,1.93800000,154.8849600000000000,0.07744247,USDT,-2.13180000,USDT
2026-01-14 23:46:32,DASHUSDT,BUY,79.92,0.63900000,51.0688800000000000,0.02553444,USDT,-0.70290000,USDT
2026-01-14 22:55:36,DASHUSDT,SELL,78.82,2.57700000,203.1191400000000000,0.10155957,USDT,0.00000000,USDT
2026-01-14 20:58:02,IPUSDT,BUY,3.33,55.70000000,185.4810000000000000,0.09274050,USDT,3.73190000,USDT
2026-01-14 18:45:13,DASHUSDT,SELL,84.68,1.99200000,168.6825600000000000,0.08434128,USDT,-2.64936000,USDT
2026-01-14 18:45:13,DASHUSDT,SELL,84.68,0.28000000,23.7104000000000000,0.01185520,USDT,-0.37240000,USDT
2026-01-14 18:45:13,DASHUSDT,SELL,84.68,0.10800000,9.1454400000000000,0.00457272,USDT,-0.14364000,USDT
2026-01-14 18:45:13,DASHUSDT,SELL,84.68,0.11900000,10.0769200000000000,0.00503846,USDT,-0.15827000,USDT
2026-01-14 18:38:54,IPUSDT,SELL,3.397,55.70000000,189.2129000000000000,0.09460645,USDT,0.00000000,USDT
2026-01-14 18:33:10,ICPUSDT,SELL,4.215,1.00000000,4.2150000000000000,0.00210750,USDT,-0.07200000,USDT
2026-01-14 18:33:10,ICPUSDT,SELL,4.215,5.00000000,21.0750000000000000,0.01053750,USDT,-0.36000000,USDT
2026-01-14 18:33:10,ICPUSDT,SELL,4.215,21.00000000,88.5150000000000000,0.04425750,USDT,-1.51200000,USDT
2026-01-14 18:33:10,ICPUSDT,SELL,4.215,5.00000000,21.0750000000000000,0.01053750,USDT,-0.36000000,USDT
2026-01-14 18:33:10,ICPUSDT,SELL,4.215,20.00000000,84.3000000000000000,0.04215000,USDT,-1.44000000,USDT
2026-01-14 18:22:59,DASHUSDT,BUY,86.01,2.49900000,214.9389900000000000,0.10746949,USDT,0.00000000,USDT
2026-01-14 18:15:40,DASHUSDT,SELL,86.55,0.86200000,74.6061000000000000,0.03730304,USDT,-0.07643941,USDT
2026-01-14 18:15:40,DASHUSDT,SELL,86.55,1.70000000,147.1350000000000000,0.07356749,USDT,-0.15075058,USDT
2026-01-14 17:57:54,DASHUSDT,BUY,86.64,1.91600000,166.0022400000000000,0.08300112,USDT,0.00000000,USDT
2026-01-14 17:57:54,DASHUSDT,BUY,86.64,0.11600000,10.0502400000000000,0.00502512,USDT,0.00000000,USDT
2026-01-14 17:57:54,DASHUSDT,BUY,86.64,0.19100000,16.5482400000000000,0.00827411,USDT,0.00000000,USDT
2026-01-14 17:57:54,DASHUSDT,BUY,86.63,0.33900000,29.3675700000000000,0.01468378,USDT,0.00000000,USDT
2026-01-14 17:42:40,ICPUSDT,BUY,4.287,40.00000000,171.4800000000000000,0.08574000,USDT,0.00000000,USDT
2026-01-14 17:42:40,ICPUSDT,BUY,4.287,12.00000000,51.4440000000000000,0.02572200,USDT,0.00000000,USDT
2026-01-14 17:33:23,IPUSDT,BUY,3.436,68.40000000,235.0224000000000000,0.11751120,USDT,-2.87280000,USDT
2026-01-14 17:33:23,IPUSDT,BUY,3.436,2.40000000,8.2464000000000000,0.00412319,USDT,-0.10080000,USDT
2026-01-14 17:23:51,IPUSDT,SELL,3.394,70.80000000,240.2952000000000000,0.12014760,USDT,0.00000000,USDT
2026-01-14 17:19:30,RIVERUSDT,SELL,28.887,0.10000000,2.8887000000000000,0.00144435,USDT,-0.02864736,USDT
