Date,Symbol,Action,Confidence,PnL,Reasoning
2026-01-20T14:20:48.365Z,BERAUSDT,HOLD,78,N/A,"Conflicting signals: SHORT score is 4/4 with bearish EMA and MACD, but RSI is neutral-bullish at 45.33 and Open Interest (OI) signal indicates 'REVERSAL_DOWN' (long capitulation), warning that short entries are risky as the price drop is not driven by new shorts but by longs exiting. This suggests potential for a bounce once selling pressure eases. Price is near the recent low ($0.97), which may act as support. Combined with low volume (95% below average) and wick rejection on recent candles showing buyer defense, the market lacks clear directional conviction. No recent history for this symbol, but timing is poor for a short due to OI analysis. Better to wait for clearer confirmation—either a breakdown below $0.97 with rising OI for a short, or a bounce with improving momentum for a long."
2026-01-20T14:20:48.365Z,RIVERUSDT,HOLD,75,N/A,"Signals are mixed. While the overall trend is bullish (EMA spread, RSI, MACD, OI inflow) and the LONG score is 3/4, the timing is poor. Price is at the recent high ($34.35 vs $34.48) after a +8% 24h move, showing clear rejection wicks on recent candles (3/5 candles). Volume is extremely low (98% below average), indicating weak participation in the breakout attempt. According to Critical Entry Rules: 1) Price at recent high - must wait for breakout+retest. 2) Recent candles show upper wick rejection. 3) No pullback to EMA for entry. Strong OI inflow supports longs, but entering here risks an immediate rejection. Better to wait for a confirmed breakout above $34.48 with volume or a pullback to support."
2026-01-20T14:20:48.365Z,AXSUSDT,HOLD,75,N/A,"Signals are conflicting and caution is warranted. While the SHORT entry score is 3/4 and the overall trend is bearish, the OI signal indicates 'REVERSAL_UP' from short covering, not new selling pressure. Price is down 5% today but shows a recent bounce. A high negative funding rate and active short liquidations suggest a potential squeeze, making a short entry risky. The EMA spread is minimal (0.18%), indicating a weak, choppy trend unsuitable for aggressive trading. Timing is poor after a recent decline; better to wait for clearer direction."
2026-01-20T14:16:33.887Z,RIVERUSDT,HOLD,75,N/A,"Strong bullish signals (EMA trend, OI inflow, MACD) and entry quality favor LONG. However, price is within 1.26% of recent high, showing potential resistance. The last few candles (#28-30) are small reds, indicating a pause or minor pullback after the recent run-up. Per critical entry rules, avoid FOMO entries at resistance; waiting for a confirmed breakout above $34.50 or a pullback to stronger support (e.g., EMA9 ~$34.01) for a cleaner, lower-risk entry. LOW VOLUME warning also suggests caution."
2026-01-20T14:16:33.887Z,XNYUSDT,HOLD,85,N/A,"Market structure shows conflicting signals: LONG entry score is strong (3/4) with bullish EMA/RSI/MACD, but OI signal is bearish indicating capital flowing into shorts. Price is below EMA9 after a 14.5% daily drop, suggesting a pullback within a bullish structure, but timing is poor. Volume is critically low (80% below average), making any price move unreliable. The market is labeled SIDEWAYS/NEUTRAL overall, and given the low volume and OI-money flow conflict, this is not a QUALITY setup. HOLD is the best choice to wait for clearer alignment or higher volume."
2026-01-20T14:16:33.887Z,AXSUSDT,HOLD,90,N/A,"Mixed signals with short squeeze active (HIGH severity liquidation) and OI falling 6.87% in 1H indicating covering, not new buying. SHORT score is 3/4 but warnings suggest exhaustion and unsustainable move. LONG score is only 2/4 with low volume. Following strategy 'When to Avoid: OI falling sharply + price rising = short covering exhaustion, skip.' Better to wait for clearer trend confirmation or OI stabilization."
2026-01-20T14:10:26.848Z,BERAUSDT,HOLD,78,N/A,"Despite a STRONG SHORT score (4/4) and bearish technicals, the OI signal of 'REVERSAL_DOWN' (long capitulation) strongly cautions against new short entries, suggesting a potential bounce is near. Price is only 1% above the recent low, and multiple recent candles show buyers defending lows (wick rejection warning). Combined with extremely low current volume, the risk of a short-term reversal squeeze outweighs the bearish momentum. The aggressive trading philosophy accepts risk, but this setup has conflicting core signals (strong technicals vs. contra OI). Better to wait for clearer confirmation."
2026-01-20T14:10:26.848Z,RIVERUSDT,HOLD,82,N/A,"Market shows strong bullish technicals (EMA trend, RSI, MACD, OI inflow) and LONG score 3/4, but timing is poor. Price is at the recent high ($34.27 vs $34.50 high) after a 6.79% 24h pump, showing rejection in candle #23 (high wick to $34.50). Entering here risks immediate reversal. Need to wait for a breakout above $34.50 with confirmation or a pullback to support (EMA9 ~$33.97) for a safer entry. Despite high negative funding favoring longs, chasing after an extended move lowers confidence for immediate entry."
2026-01-20T14:10:26.848Z,XNYUSDT,HOLD,78,N/A,"Signals are mixed and conflicting. Entry quality strongly favors a SHORT (3/4 score) with bearish OI flow and MACD momentum. However, the overall trend is bullish (EMA structure, RSI), price is above EMAs, and significant 'WICK REJECTION' warnings (3/5 candles) indicate strong buyer defense at lows, creating a high risk of a sharp bounce against a short position. The 24h price change of -14.4% also increases bounce risk. The 77% below-average volume suggests weak conviction, making directional moves less reliable. Given these conflicting signals and the high risk of getting stopped out by a squeeze, the prudent action is to wait for clearer alignment."
2026-01-20T14:10:26.848Z,AXSUSDT,HOLD,85,N/A,"LONG score is 3/4 but OI analysis shows price rise driven by short covering (OI down -7.32% 1H), not new longs. High negative funding and short squeeze warning suggest rally may exhaust. Mild trend (EMA spread 0.16%) and sideways market context. Avoiding LONG due to contradictory signals; waiting for clearer setup with OI confirmation."
2026-01-20T14:04:57.582Z,BERAUSDT,HOLD,82,N/A,"The technicals strongly favor a SHORT (Score 4/4, bearish trend, RSI ~40), but the critical Open Interest signal warns of LONG CAPITULATION, not new short selling. OI down 3.77% (1H) and 5.37% (4H) while price is down indicates a liquidation squeeze is likely nearing completion, not a sustainable downtrend. The high negative funding rate (-0.31%) further increases the risk of a sharp short squeeze bounce. Recent candles also show buyers defending lows (wick rejections). Combined, this creates a high-risk environment for a new short entry. According to 'Account Worst Performers' and 'Recent 24h Trading History', there is no specific caution for this symbol, but the OI signal overrides the technical score. Waiting for clearer momentum or OI stabilization is the prudent choice."
2026-01-20T14:04:57.582Z,RIVERUSDT,HOLD,75,N/A,"Analysis shows strong LONG entry score (3/4) and bullish technicals (EMA, RSI, MACD). However, the OI signal indicates the price rise is driven by SHORT COVERING (OI down 0.65% 1H, REVERSAL_UP signal), not new long buying. This suggests the move may be fragile and could reverse once covering completes. Price is near the recent high ($34.50) after a 7.94% 24h pump, increasing short-term reversal risk. Given the aggressive strategy, the OI warning and timing make this a lower-quality setup. Prefer to wait for a pullback with OI confirmation of new longs or a clearer breakout."
2026-01-20T14:04:57.582Z,AXSUSDT,HOLD,75,N/A,"Market structure is neutral/sideways. Price is below EMA9 on a pullback, but OI signal indicates the recent rise was due to short covering (OI down 3.42% in 1H), not new long buying. This suggests the rally may exhaust. RSI at 44 is bearish, but MACD histogram is positive. Mixed signals with both LONG and SHORT scores at 2/4. Given the short-covering nature of the move and the absence of a clear, strong trend, waiting for a clearer directional signal is prudent. The high negative funding rate warns of potential short squeeze risk, but entering long now after the 5.57% 24h gain feels like chasing."
2026-01-20T14:00:56.587Z,BERAUSDT,SHORT,70,N/A,"Technical indicators strongly favor short (EMA bearish, RSI bearish, MACD bearish, price below EMAs, early move maturity). However, OI shows short covering (REVERSAL_UP signal) and funding rate is highly negative, indicating elevated short squeeze risk. Entering with tight stop loss to manage this risk."
2026-01-20T14:00:56.587Z,XNYUSDT,HOLD,72,N/A,"Mixed signals with low quality. Overall trend is BULLISH (EMA9 > EMA21, RSI 61.5), but entry quality is only MODERATE (2/4) with warnings of price being 3.4% extended above EMA9 and negative MACD momentum. Crucially, OI signal is BEARISH, indicating new capital flowing into shorts, which contradicts the price trend and suggests weakness. Price action shows recent volatility but no clear directional conviction. 24h price change is -11.99%, but recent candles show a 4.03% pump followed by a red candle, indicating potential exhaustion. The market context is not compelling enough for a confident LONG, and the conflicting OI data advises against a SHORT. Better to wait for clearer alignment between price action, indicators, and Open Interest flow."
2026-01-20T14:00:56.587Z,AXSUSDT,HOLD,78,N/A,"Overall bullish structure with strong LONG entry score (3/4), but major caution flags exist. The 24h price change is +7.92%, suggesting the move is mature. The OI signal indicates the rally is driven by SHORT COVERING (OI down 1H, REVERSAL_UP signal), not new long buying, meaning momentum could exhaust imminently. Price is also below the EMA9, showing short-term weakness. The recent liquidity analysis confirms a MEDIUM short squeeze is occurring. Entering a LONG now risks catching the tail end of a covering rally. Better to wait for either a confirmed breakout with new OI inflow or a deeper pullback to a stronger support level like EMA21 ($2.17)."
2026-01-20T13:55:14.631Z,BERAUSDT,HOLD,72,N/A,"SHORT entry score is 3/4 (STRONG), but multiple red flags advise caution: 1) Price is 1.8% below EMA9 with bullish MACD histogram suggesting exhaustion, 2) OI signal is REVERSAL_UP (short covering), not new selling pressure, 3) High negative funding (-0.3164%) increases short squeeze risk, 4) 3/5 recent candles show buyers defending lows (wick rejections). While trend is bearish, timing for a new short is poor. Waiting for clearer momentum or a bounce to re-test resistance is better."
2026-01-20T13:55:14.631Z,RIVERUSDT,HOLD,85,N/A,"Long score is strong (3/4) with bullish MACD, RSI favorable, and high negative funding suggests short squeeze potential. However, significant warning signs exist: OI signal shows price rise driven by short covering (OI down), not new buying, increasing reversal risk. Price is currently below EMA9 after rejection from recent high ($34.50). Multiple candles show upper wick rejections, indicating seller pressure. EMA spread is minimal (0.06%), indicating weak/choppy trend. Overall trend labeled NEUTRAL/SIDEWAYS. Given the conflicting signals (bullish indicators vs. bearish OI/rejection patterns) and weak trend structure, the risk of a false breakout or quick reversal is elevated. Better to wait for clearer confirmation, such as a breakout above $34.50 with rising OI or a deeper pullback to stronger support with buyer absorption."
2026-01-20T13:55:14.631Z,XNYUSDT,HOLD,85,N/A,"SHORT score 3/4 is strong, but multiple critical warnings: OI analysis shows LONG CAPITULATION (OI down with price down) indicating forced selling exhaustion, not new short momentum. Liquidation pressure (LONG_LIQUIDATION LOW) suggests selling may be finishing. EMA trend is BEARISH but very mild (0.08% spread), indicating a weak, choppy trend. Move maturity is LATE. Price is 4.3% above EMA9, showing exhaustion. RSI at 63.26 is BULLISH, conflicting with the short signal. The market context is SIDEWAYS with no clear trend. The OI guidance explicitly warns 'CAUTION for SHORT entries' and 'potential bounce'. Timing is poor after a -10.68% 24h drop; chasing further downside here is high-risk. Following aggressive philosophy, this lacks a clear, high-probability edge. Better to wait for a clearer setup."
2026-01-20T13:55:14.631Z,AXSUSDT,HOLD,78,N/A,"The LONG score is strong (3/4) and trend is bullish. However, critical OI and liquidation data signal this 8.46% pump is driven by short covering, not new buying. OI is down 2.21% over 1H despite price rise, and OI signal is 'REVERSAL_UP' (short covering). Price is currently below EMA9 after a rejection from $2.23, showing momentum may be stalling. The 24h change of +8.46% also suggests timing risk. While funding is favorable for longs, entering after a significant short squeeze carries high reversal risk once covering completes. Waiting for a confirmed breakout above the recent high ($2.23) with rising OI would be safer."
2026-01-20T13:49:54.324Z,RIVERUSDT,HOLD,85,N/A,"Mixed signals with caution from OI analysis. LONG score is 3/4 with bullish RSI, MACD, and extreme negative funding (potential squeeze). However, OI signal shows REVERSAL_UP (short covering, not new buying) and OI is declining slightly while price rises—classic exhaustion warning. Market is labeled NEUTRAL/SIDEWAYS with mild trend (EMA spread 0.15%). Recent candles show buyer defense at lows (wick rejection), but OI flow contradicts sustainable upside. No clear edge for entry; waiting for clearer OI-price alignment or breakout is prudent."
2026-01-20T13:49:54.324Z,BERAUSDT,HOLD,82,N/A,"While LONG score is 3/4, OI reveals short covering (not new buying) and price is below EMA9 with rejection wicks. Trend is mild (EMA spread 0.21%). High negative funding warns of short squeeze risk but current momentum is weak. Safer to wait for stronger bullish confirmation."
2026-01-20T13:49:54.324Z,MEMEUSDT,HOLD,85,N/A,"Technical indicators strongly favor a SHORT (score 3/4, bearish EMA, RSI 27.59, bearish MACD). However, OI analysis shows LONG CAPITULATION (OI down 21.96% in 4H) with HIGH LONG LIQUIDATIONS, signaling potential capitulation bottom forming. The OI SIGNAL is 'REVERSAL_DOWN', meaning this is not new short selling but longs being forced out, which often precedes a bounce. Entering a short now risks catching a dead cat bounce or short squeeze, especially given the extreme negative funding rate (-0.3293%). Price is also only 0.27% above the recent low, suggesting limited immediate downside. Better to wait for OI to stabilize or show signs of new short interest before entering."
2026-01-20T13:49:54.324Z,ROSEUSDT,HOLD,85,N/A,"Technical indicators (SHORT score 4/4) suggest a strong bearish entry, but OI and liquidity signals are flashing strong reversal warnings. OI is declining (REVERSAL_DOWN signal) with price, indicating long capitulation, not new short selling. A medium severity LONG_LIQUIDATION event is occurring, and price action shows buyers defending lows (4/5 candles have wick rejections). The move is also in a LATE maturity stage. Entering a short here risks a sharp squeeze, especially with high negative funding. The aggressive philosophy accepts risk, but this setup presents conflicting core signals; the risk of a reversal bounce outweighs the technical momentum. Will wait for capitulation to settle or for a clearer signal with OI alignment."
2026-01-20T13:45:48.823Z,RIVERUSDT,HOLD,76,N/A,"Long entry score is strong (3/4), but OI signal indicates price rise is from short covering, not new longs—a reversal risk. Price is below EMA9 in a mild trend, and volume is 92% below average, suggesting weak conviction. No recent losses on this symbol, but conditions are not ideal for a high-confidence entry. Better to wait for a stronger trend or OI confirmation."
2026-01-20T13:45:48.823Z,MEMEUSDT,HOLD,78,N/A,"Technical indicators favor a SHORT (Score 3/4, bearish EMAs, MACD, RSI 29.9). However, OI and Liquidation signals strongly advise caution: OI is down significantly (REVERSAL_DOWN signal - longs capitulating), and medium long liquidations are detected. This suggests selling pressure may be exhausting, not strengthening, raising the risk of a short squeeze given the high negative funding. Recent candles also show buyer defense at lows (3/5 wick rejections). The aggressive strategy accepts risk, but the conflicting signals between technicals and on-chain/money flow (OI) create too much uncertainty for a confident entry. Better to wait for OI to stabilize or for price action to confirm the downtrend continuation."
2026-01-20T13:45:48.823Z,ROSEUSDT,HOLD,75,N/A,"Technical indicators show a STRONG SHORT setup (4/4 score), but OI and liquidation data warn of a potential reversal. OI is decreasing alongside price (-3.64% 1H), signaling LONG CAPITULATION, not new shorts. MEDIUM long liquidations detected, suggesting selling may be exhausting. Move maturity is LATE (70 candles since cross). Recent price action shows buyers defending lows (4/5 candles have lower wicks). Entering a short now carries high risk of a squeeze or bounce. The high negative funding rate (-0.0612%) adds short-squeeze risk. Aggressive philosophy favors action, but risk management dictates waiting for clearer confirmation or a pullback to a better resistance level."
2026-01-20T13:39:54.237Z,MEMEUSDT,HOLD,80,N/A,"The technical setup strongly favors a SHORT (score 3/4, bearish EMA, low RSI, bearish MACD). However, the critical OI signal shows REVERSAL_UP due to aggressive short covering (-10.14% 1H, -20.30% 4H), which is a classic bear trap warning. The extremely negative funding rate (-0.3316%) creates high risk of a short squeeze, meaning a sharp upward reversal is likely before any further sustainable downtrend. My trading philosophy accepts volatility, but entering a short into a confirmed short-covering squeeze with falling OI is reckless. I will wait for OI to stabilize or turn up again to confirm genuine selling pressure."
2026-01-20T13:39:54.237Z,ROSEUSDT,HOLD,85,N/A,"Despite a 4/4 SHORT entry score, multiple strong contra-indicators advise against a new short. The OI signal is REVERSAL_DOWN, indicating long capitulation, not new short selling. A MEDIUM LONG_LIQUIDATION event is active, suggesting forced selling may be exhausting. The 'Move Maturity' is LATE, warning the bearish cycle may be ending. Price action shows 'WICK REJECTION' on 4/5 candles, signaling buyers are defending lows. Volume is 64% below average, indicating weak momentum. The aggressive strategy accepts risk, but this setup has a high probability of a near-term bounce or consolidation, making the risk/reward for a new short entry poor. Better to wait for clearer momentum or a reversal confirmation."
2026-01-20T13:34:33.021Z,RIVERUSDT,HOLD,78,N/A,"Current LONG position is profitable (+1.4%) and the overall bullish thesis remains intact: bullish EMA alignment, positive MACD, rising OI, and favorable funding for longs. However, the LONG ENTRY WARNING of 'WICK REJECTION' on 3/5 candles and price being just 1.27% below the recent high ($34.50) indicate immediate resistance and potential for a pullback before continuation. No new signal is stronger than the existing position's rationale. The move is still EARLY and backed by capital inflow, so closing is premature. Best to hold and manage the position."
2026-01-20T13:34:33.021Z,BERAUSDT,HOLD,82,N/A,"Currently in a LONG position. While the overall trend is BULLISH with strong momentum indicators (RSI 53, MACD bullish, move maturity EARLY), the Open Interest signal of REVERSAL_UP indicates price rise is driven by short covering, not new long buying—a caution for adding. Price is near the recent high with multiple wick rejections showing seller pressure. The position is slightly underwater (-$0.85), but the bullish structure remains intact. Better to HOLD and monitor for a breakout above $1.02 with OI confirmation, or a deeper pullback to support for potential averaging. No new entry or exit is justified yet."
2026-01-20T13:29:53.686Z,RIVERUSDT,HOLD,82,N/A,"Currently holding a LONG position showing a small profit. The market maintains a bullish structure with strong OI flow and positive indicators (EMA spread, MACD, RSI). However, the recent candle data shows significant upper wick rejections near the $34.35 high (e.g., candles #01, #02, #21, #22), indicating selling pressure at resistance. Entering a new LONG now would violate the 'NO WICK ENTRIES' and 'DO NOT FOMO' rules, as price is near the recent high with rejection evidence. The existing position thesis remains valid (bullish trend, OI support), so no close is warranted. Best to hold and monitor for a cleaner breakout above $34.35 or a pullback to support (e.g., EMA9 at $33.88) for a potential add-on."
2026-01-20T13:29:53.686Z,BERAUSDT,HOLD,78,N/A,"Current LONG position is in a slight drawdown (-$0.71). While technicals are moderately bullish (EMA trend bullish, RSI good, MACD positive), multiple red flags suggest caution. Price is up 1.55% in 24h and near the recent high. Most critically, OI is falling while price rises, signaling this move is driven by short covering, not new long inflows, which risks exhaustion. The analysis explicitly warns 'CAUTION for LONG entries' and 'Rally may exhaust once short covering completes.' Additionally, 4/5 recent candles show wick rejection, indicating seller pressure. The funding rate is highly negative, favoring shorts mechanically, but this can also fuel a short squeeze. However, given the OI signal and wick warnings, momentum is suspect. Better to hold and monitor for a clearer signal or a pullback to support before adding. No clear invalidation of the long thesis yet, but confidence for new entry is low."
2026-01-20T13:24:40.453Z,RIVERUSDT,HOLD,82,N/A,"Long score is strong (3/4) with bullish OI inflow, but current price is near the recent high and the last 5 candles show multiple upper wicks indicating seller rejection. Also, the existing LONG position is profitable (+1.26) and only 9 minutes old. The aggressive strategy favors riding strong trends, but the timing for a new entry is poor due to immediate overhead resistance and wick rejections. Better to manage the current position and wait for a clearer breakout or pullback entry."
2026-01-20T13:19:26.345Z,RIVERUSDT,HOLD,85,N/A,"Existing LONG position is performing well. The overall setup remains STRONGLY BULLISH with high negative funding favoring longs, OI showing new capital inflow, and a strong technical score (3/4). However, current price is near the recent high, and multiple recent candles show upper wick rejections, indicating potential short-term resistance. The best action is to HOLD and let the position run, as the core bullish thesis is intact. No new entry is recommended until a clearer breakout or pullback occurs."
2026-01-20T13:19:26.345Z,BERAUSDT,HOLD,72,N/A,"The overall technical structure remains bullish (EMA spread, RSI, MACD), and the LONG entry score is strong (3/4). However, multiple conflicting signals warrant caution: 1) Price is below EMA9 after a recent rejection from $1.03, 2) 4 of the last 5 candles show upper wick rejection, indicating selling pressure, 3) Most critically, Open Interest analysis shows price rise is driven by short covering (OI down), not new long buying, signaling potential exhaustion. The high negative funding rate adds squeeze risk but also highlights a crowded short side that may need to cover further. Given these mixed signals and the current small unrealized loss on the existing LONG, the prudent action is to HOLD the position to see if bullish momentum resumes on a retest of EMA support or a breakout above recent high, but not to add new risk. A tighter mental stop near $0.99 (recent low) is advised."
2026-01-20T13:15:15.584Z,RIVERUSDT,BUY,90,N/A,"Strong bullish structure with EMA9 > EMA21, early move maturity, and highly negative funding rate signaling short squeeze potential. OI increasing confirms new long capital inflow. Price at EMA9 support after pullback, RSI neutral-bullish at 53. LONG score 3/4 supports entry. Warnings of wick rejection noted, but overall conditions favor long with tight stop."
2026-01-20T13:15:15.584Z,BERAUSDT,HOLD,75,N/A,"Current LONG position is at a small loss. The market shows mixed signals: strong negative funding favors longs, and the trend is technically bullish with a good RSI. However, the OI signal indicates the recent price rise is due to short covering, not new long buying, suggesting weak momentum and a high risk of reversal once covering completes. Additionally, 3/5 recent candles show wick rejection from sellers, and price is below EMA9, indicating potential weakness. The trade thesis for the existing long is not yet invalidated, but new long entry is not advised. Given the conflicting data and the position being new (23m), the prudent action is to HOLD and monitor for clearer direction or a close signal."
2026-01-20T13:15:15.584Z,MEMEUSDT,HOLD,85,N/A,"Entry quality is STRONG for SHORT (4/4), with bearish EMAs, RSI, and MACD. However, critical OI, liquidation, and funding signals conflict: OI is falling sharply (-12% 1H) indicating short covering, not new selling pressure. A HIGH SEVERITY short squeeze is active, and the extreme negative funding (-377% annualized) creates a high risk of a violent upward squeeze. Price is up 7.4% in 24h, suggesting the short squeeze rally may be mature. Entering a short now risks being caught in the squeeze continuation. The risk-reward is poor despite the technical setup. Wait for the OI signal to turn bearish (rising OI with price down) or for the squeeze to exhaust with a clear rejection."
2026-01-20T13:15:15.584Z,ROSEUSDT,HOLD,82,N/A,"Strong technical score (SHORT 4/4) and bearish trend, but OI signal and move maturity create major conflicting warnings. OI indicates 'REVERSAL_DOWN' with long capitulation, suggesting a potential bounce rather than a new downtrend. Price is down -9.59% over 24h, which is an extended move, increasing reversal risk. The 'Move Maturity' is LATE (65 candles since EMA cross). The EMA spread is very mild (0.26%), indicating a weak, choppy trend. While the technical setup is perfect for a short, the OI guidance explicitly warns 'CAUTION for SHORT entries' and 'Trend may reverse once capitulation completes.' Following critical risk management: when OI and price diverge (price down, OI down sharply over 4H: -5.57%), it signals exhaustion, not new momentum. Waiting for clearer confirmation is the prudent choice."
2026-01-20T13:10:00.041Z,RIVERUSDT,HOLD,78,N/A,"Strong bullish structure with OI inflow and early move maturity supports a LONG entry, but timing is poor. Price is currently 1.48% below the recent high of $34.35, showing signs of resistance and consolidation after a 5.52% 24h pump. The last 5 candles show a clear rejection pattern near the high, with multiple upper wicks and failure to break above $34.35. This is a classic 'CRITICAL ENTRY RULE #1: DO NOT FOMO' scenario. While conditions favor LONG (Score: 3/4, OI bullish, RSI at 53, EMA bullish spread), entering here risks an immediate pullback to test support. Better to wait for either a confirmed breakout above $34.35 with follow-through, or a pullback to the EMA9 ($33.83) or EMA21 ($33.66) for a higher-probability entry. The negative funding rate (-0.4868%) adds short squeeze potential, but current price action suggests patience is warranted."
2026-01-20T13:10:00.041Z,BERAUSDT,HOLD,72,N/A,"The position is newly opened (18m) with a small unrealized loss (~1%). The long thesis remains valid: EMAs bullish, RSI supportive, MACD bullish, OI shows capital inflow, and funding rate is highly negative (favorable for longs). However, the recent candles show price is below EMA9 and struggling, with multiple wick rejections indicating seller pressure. The short-term momentum is weak, but the overall trend structure is intact. Given the early stage of the move (maturity: EARLY) and the strong negative funding, holding to see if support forms near $1.00 or a bounce from the EMA21 is prudent. A stop-loss is already in place to manage risk. No new entry is recommended due to the immediate lack of strong bullish momentum and the existing position."
2026-01-20T13:10:00.041Z,MEMEUSDT,HOLD,85,N/A,"STRONG SHORT signals (score 4/4, bearish EMA, RSI bearish, MACD bearish) conflict with momentum and OI data showing an active SHORT SQUEEZE. Price is up 8.42% on the day with high negative funding and short liquidations driving the move. OI is falling sharply (-11.4% 1H), confirming this is a short covering rally, not new bearish capital. Entering a short into a squeeze is dangerous. The LONG score is 0/4, and entering long against the established bearish structure is unwise. The market is in a volatile, conflicting state; waiting for the squeeze to exhaust and clearer bearish resumption is the safest course."
2026-01-20T13:10:00.041Z,ROSEUSDT,HOLD,82,N/A,"The analysis shows a STRONG SHORT ENTRY score (4/4) with bearish trend, OI, and MACD. However, the move is flagged as LATE in maturity and the EMA spread is very mild (0.18%), indicating a weak, choppy trend. Price is also above the EMA9, suggesting a potential relief rally. The 24h price change of -9.51% means a bounce risk is elevated if entering short here. Combined with the 'Mild/Choppy trend' warning and the system's advice for smaller positions, the risk-reward for a new short entry at this level is not favorable. Better to wait for a clearer signal or a pullback to a stronger resistance level."
2026-01-20T13:06:41.334Z,BERAUSDT,HOLD,82,N/A,"Strong bullish technicals and OI inflow, but timing is poor. Price at $1.01 is at the upper end of the recent consolidation, just below the recent high of $1.04. The last few candles show indecision with small wicks and minimal movement, suggesting a pause. Entering a new LONG here has elevated risk of a pullback or rejection. Better to HOLD the current position and wait for a clearer entry signal, such as a confirmed breakout above $1.04 with volume or a pullback to stronger support near EMA21 ($1.00). The low volume warning also suggests caution for new entries."
2026-01-20T13:00:37.055Z,BERAUSDT,HOLD,85,N/A,"Maintaining LONG position. Thesis remains intact: strong bullish structure (EMA9>EMA21, price above EMA9, RSI 57), EARLY move maturity, and critically, HIGH NEGATIVE FUNDING (-0.3782%) creating short squeeze pressure. OI signal is BULLISH with capital inflow supporting longs. Position is fresh (8m) and at breakeven; current price consolidation after the run to $1.04 is a healthy pullback within an ongoing trend. No historical losses on this symbol to warrant caution. All conditions favor holding for target."
2026-01-20T13:00:37.055Z,MEMEUSDT,HOLD,85,N/A,"Strong technicals favor a SHORT (Score 4/4, bearish EMA/RSI/MACD, early move stage). However, OI signal shows REVERSAL_UP with SHORT_LIQUIDATION (HIGH severity) and large negative funding (-374.44% annualized), indicating a forceful short squeeze is in progress. Price is up 6.36% in 24h and 1.55% on the latest candle, suggesting the squeeze may still have momentum. Entering a short now risks being caught in the squeeze continuation, while entering a long is against the strong technical structure and is explicitly cautioned against. The current price action is a conflict between technicals and a powerful forced covering event. The safest action is to wait for the squeeze to exhaust and for clearer signals to align (e.g., OI stabilizes, price shows rejection at a higher level)."
2026-01-20T13:00:37.055Z,ROSEUSDT,HOLD,75,N/A,"SHORT entry signals are strong (4/4 score, bearish OI flow, MACD bearish). However, the trend is mild (EMA spread only 0.19%) and price action is choppy within a tight range, suggesting low momentum. The move is also late-stage (62 candles since cross). While the aggressive philosophy encourages action, the combination of low momentum, choppy price action, and late-cycle maturity warrants caution. A clearer breakdown or stronger bearish momentum would provide a higher-confidence entry. No recent history on this symbol, but conditions are not ideal for a high-conviction trade."
2026-01-20T12:55:45.577Z,RIVERUSDT,HOLD,82,N/A,"Strong bullish technical setup with early move maturity, bullish OI flow, and high negative funding favoring longs. However, price is at 1.76% below recent high ($34.35), and the last 5 candles show consolidation with some rejection wicks. Low volume (94% below average) raises caution about momentum sustainability. Waiting for a confirmed breakout above $34.35 or a pullback to EMA support ($33.69) would improve risk/reward. The 3.84% 24h gain suggests some short-term exhaustion. No historical data suggests past failures on this symbol."
2026-01-20T12:55:45.577Z,BERAUSDT,HOLD,85,N/A,"The LONG setup is strong (score 3/4, bullish trend, OI inflow, early move maturity, RSI healthy). However, I have an existing LONG position open for only 4 minutes. The trade thesis remains intact - no invalidation yet. Closing now would be premature. I should manage this open position, not open a new one. The data shows a good entry has already been taken."
2026-01-20T12:55:45.577Z,MEMEUSDT,HOLD,75,N/A,"Strong technical setup for SHORT (Score 4/4, Bearish EMA/RSI/MACD) but conflicting OI and liquidation signals. OI indicates SHORT_COVERING (REVERSAL_UP signal) with high negative funding, and a SHORT_LIQUIDATION (HIGH severity) is active, warning of a potential short squeeze. Price is up 7.42% in 24h, suggesting momentum may be driven by covering, not new selling. Entry timing is poor; chasing a short after a significant up move and squeeze warning is high-risk. Wait for the covering rally to exhaust and for clearer bearish confirmation (e.g., OI rising with price falling)."
2026-01-20T12:51:07.716Z,BERAUSDT,BUY,73,N/A,"Overall technicals strongly favor LONG: bullish EMA trend, price above EMAs, RSI in a good bullish range, MACD bullish, and move maturity is early. The STRONG 3/4 LONG score from the quality check is the primary trigger. However, confidence is tempered to MODERATE (78) due to two significant contextual warnings: 1) Extremely LOW VOLUME (95% below average), which undermines the strength of the price move and increases slippage/volatility risk. 2) The HIGH NEGATIVE FUNDING rate suggests a crowded short position, which is a tailwind for longs, but also increases the risk of a violent, unpredictable short squeeze or rapid reversal if the squeeze completes. A tighter stop is warranted given the low-volume environment."
2026-01-20T12:51:07.716Z,MEMEUSDT,HOLD,85,N/A,"Multiple conflicting signals create high risk. Technicals strongly favor SHORT (EMA bearish, RSI 33, MACD bearish, SHORT score 3/4). However, OI signal shows REVERSAL_UP with short covering, HIGH negative funding (-0.3586%), and HIGH short liquidations indicate a potential short squeeze in progress. Price action shows 4/5 candles have buyers defending lows (wick rejection). Low volume (74% below average) suggests weak conviction. Entering SHORT during active short covering is dangerous. Entering LONG is not supported (LONG score 0/4). Timing is poor - price is 6.87% up in 24h, chasing momentum after a squeeze is risky. Better to wait for clearer direction once covering exhausts."
2026-01-20T12:51:07.716Z,ROSEUSDT,HOLD,85,N/A,"Entry quality strongly favors SHORT (score 4/4), with bearish EMA trend, negative MACD momentum, and OI signaling new capital flowing into shorts. However, the move maturity is LATE (60 candles since cross), and the current price is ABOVE the EMA9, suggesting a potential bearish relief rally or early reversal. The RSI at 48 is neutral-bullish, creating a divergence from the bearish structure. The high negative funding rate warns of a potential short squeeze. Given the conflicting signals (strong bearish setup vs. late-stage and counter-trend momentum), and the need to avoid a trap at a potential cycle turn, the highest probability action is to HOLD and wait for clearer confirmation."
2026-01-20T12:47:34.729Z,BERAUSDT,HOLD,75,N/A,"Strong technical setup with bullish EMAs, RSI 58, and MACD momentum. However, critical OI signal shows price rise is from short covering (OI down, REVERSAL_UP signal), not new buying, suggesting potential exhaustion. Low volume (73% below avg) and price near recent high ($1.01 vs $1.04) increase reversal risk. Funding rate highly negative supports short squeeze but timing is uncertain. Waiting for clearer OI inflow or a pullback to confirm sustainable uptrend."
2026-01-20T12:47:34.729Z,MEMEUSDT,HOLD,80,N/A,"Strong technical SHORT setup (Score 3/4, bearish EMA, MACD, RSI 32.5) conflicts with OI/price action warnings. OI signal is REVERSAL_UP (short covering), not new selling. High negative funding and short liquidation severity suggest a squeeze rally may be underway or near exhaustion, not a stable downtrend. Recent candles show mixed signals with wick rejections indicating buyer defense. Timing is poor: price is only 0.26% above recent low, chasing after a 6.5% 24h pump risks entering a bounce. Low volume (89% below average) reduces conviction. The conflicting signals (strong bearish indicators vs. squeeze risk) create an unclear, high-risk environment. Better to wait for clearer structure or for the squeeze to fully resolve."
2026-01-20T12:40:05.084Z,BERAUSDT,HOLD,75,N/A,"Technical setup is strong (LONG Score 3/4, bullish EMAs, MACD, RSI 57, early move maturity). However, critical OI signal shows price rise driven by SHORT COVERING (OI down, REVERSAL_UP), not new long buying. This is a warning of potential exhaustion and reversal once covering completes. Combined with price being near recent high ($1.04) and a recent -2.84% red candle showing some selling pressure, the risk of entering long here is elevated. Waiting for a pullback to support or for OI to turn positive alongside price would provide a higher-conviction entry. Aggressive philosophy accepts risk, but this specific signal (short covering rally) suggests caution."
2026-01-20T12:40:05.084Z,RESOLVUSDT,HOLD,78,N/A,"Technical indicators strongly favor SHORT (4/4 score, bearish EMAs, RSI 36, negative MACD). However, the OI and liquidation signals provide crucial contradictory context. OI is down sharply (-8.61% 1H, -10.59% 4H) while price is down, signaling LONG CAPITULATION, not new short selling. High severity LONG_LIQUIDATIONS suggest a potential capitulation bottom is forming. High negative funding rate (-0.1602%) also increases risk of a short squeeze bounce. Price is only 1.12% above the recent low, increasing bounce risk. The aggressive strategy accepts risk, but this setup has conflicting core signals: strong technicals vs. high-probability reversal warnings from OI and liquidations. Risk-reward for a new short entry is poor here. Better to wait for capitulation to settle and for clearer directional signals to re-align."
2026-01-20T12:40:05.084Z,MEMEUSDT,HOLD,85,N/A,"Strong technical signals for a SHORT (score 3/4, bearish EMA, MACD, price below EMAs, RSI 33). However, massive red flags from on-chain data: 1) HIGH NEGATIVE FUNDING (-0.38%) signals extreme short crowding, 2) OI SIGNAL: REVERSAL_UP with OI falling 8.88% in 1H indicates this is a short squeeze (SHORT_LIQUIDATION severity HIGH), not a genuine bearish move. The price is up 8.94% in 24h, likely driven by forced covering. Entering a short into a squeeze is dangerous—momentum could continue as shorts are liquidated. The price is only 0.95% above the recent low, offering little room for a short entry. Wait for the squeeze to exhaust and OI to stabilize before considering a short. Better opportunities exist elsewhere."
2026-01-20T12:19:43.447Z,BERAUSDT,HOLD,78,N/A,"Mixed signals with moderate entry scores (2/4 for both LONG and SHORT) and a mild/choppy trend (EMA spread 0.0%). OI signal shows short covering (REVERSAL_UP), not new buying, indicating potential weakness if covering completes. Price is at the recent high ($1.00), showing a small rejection wick in recent candles, and is extended 2% above EMA9 with bearish MACD momentum. BTC is down -2.18%, adding general market pressure. While funding is highly negative, favoring longs, the overall setup lacks a clear, high-conviction edge. Following trading philosophy: avoid forcing trades on moderate opportunities with conflicting signals and poor timing. Better to wait for a clearer directional move or a pullback."
2026-01-20T12:19:43.447Z,RESOLVUSDT,HOLD,75,N/A,"SHORT score is 3/4 and momentum is bearish, but conflicting signals advise caution. OI reveals LONG CAPITULATION (reversal signal), not new short selling. MACD is bullish, price is extended 1.5% below EMA9, and MEDIUM LONG_LIQUIDATION warns of potential bounce. The high negative funding (-0.1578%) increases risk of a short squeeze. Mild trend (EMA spread 0.06%) suggests choppiness. Timing after a 3.71% 24h drop is late for a short. Better to wait for clearer signals or confirmation of continued downtrend."
2026-01-20T12:19:43.447Z,MEMEUSDT,HOLD,80,N/A,"SHORT score is 4/4 with bearish technicals (EMA, RSI, MACD), but OI signal shows REVERSAL_UP (short covering) with 1H OI down -1.42% while price is 13.18% up in 24h. This price rise is likely driven by shorts covering, not new long demand, creating high squeeze risk. Price is also only 0.58% above recent low, suggesting potential support. Timing is poor after a large 13% up move; entering short now risks getting caught in covering squeeze. High negative funding (-0.4326%) also pressures shorts. Wait for clearer evidence of new bearish momentum and OI stabilization."
2026-01-20T12:19:43.447Z,RIVERUSDT,HOLD,85,N/A,"Strong technical setup for SHORT (score 4/4, bearish trend, RSI 42). However, critical conflicting signals advise caution. OI signal shows SHORT COVERING (REVERSAL_UP), not new selling pressure. MEDIUM severity SHORT_LIQUIDATIONS indicate a squeeze is in progress but may be exhausting. Price is 2.99% up on the 24h, and the high negative funding suggests a volatile, crowded short trade. The OI guidance explicitly warns against new LONG entries due to covering, but the SHORT signal may be late as the squeeze has already occurred. The market is at a decision point; the bearish momentum could resume once covering completes, but entering a SHORT now risks getting caught if the squeeze has more steam. Safer to HOLD and wait for clearer confirmation of a downtrend resumption (e.g., price rejection at a lower high with OI rising again)."
2026-01-20T12:14:46.227Z,BERAUSDT,HOLD,80,N/A,"Current SHORT position is underwater (-$4.48). The market shows conflicting signals: SHORT entry score is 3/4 (strong), but OI analysis indicates LONG capitulation (OI down with price down), which often precedes a reversal bounce. Price is at recent high resistance, and RSI is neutral at 55. The bearish EMA structure is present, but the high negative funding rate (-0.4037%) creates short squeeze risk. Given the existing position's loss and reversal signals from OI/funding, the safest action is to HOLD and monitor for a potential reversal down from resistance or a squeeze higher before considering closing or adding. No new entry is justified due to mixed signals and timing risk."
2026-01-20T12:14:46.227Z,RESOLVUSDT,HOLD,80,N/A,"Market is in a mild, choppy sideways trend with conflicting signals. The LONG entry score is 3/4, but several cautionary factors exist: price is below EMA9, EMA spread is weak (0.19%), and OI analysis shows LONG CAPITULATION with medium liquidation pressure. This suggests the current dip may still have selling to exhaust before a reliable bounce. The 24h price change is -2.84%, not extreme, but timing is poor to enter a LONG amidst active liquidations. Short score is weak (2/4) with warnings against it. Waiting for a clearer support confirmation or for liquidation pressure to subside is the prudent choice. No existing position to close."
2026-01-20T12:14:46.227Z,MEMEUSDT,HOLD,75,N/A,"Conflicting signals create too much uncertainty for a high-confidence trade. The SHORT score is 4/4 with bearish MACD and price below EMA9, but RSI is neutral/bullish at 50.07, OI is bullish with capital flowing into longs, and price action shows multiple wick rejections defending lows (3/5 candles). The mild trend (EMA spread only 0.15%) and sideways market classification make directional momentum weak. With BTC down -1.88% providing negative macro context, but extreme negative funding (-0.44%) creating short squeeze risk, the risk/reward isn't clear. Better to wait for clearer alignment."
2026-01-20T12:14:46.227Z,RIVERUSDT,HOLD,82,N/A,"Strong technical short setup (4/4 score, bearish trend, RSI 44.64, MACD negative) is conflicting with Open Interest signal (REVERSAL_UP) showing short covering, not new selling. Price action shows recent bounce from low (candle #21 low of $31.74). High negative funding (-0.56%) indicates potential for a short squeeze. The OI guidance explicitly warns: 'CAUTION for SHORT entries - this is SHORT COVERING, not new shorts selling'. Entering a short now risks being caught in a squeeze if covering accelerates. Timing is poor despite bearish indicators. Better to wait for OI to stabilize or turn bearish to confirm new downward momentum."
2026-01-20T12:06:07.488Z,BERAUSDT,HOLD,82,N/A,"Strong technical signals favor SHORT (Score 4/4, Bearish EMAs, RSI 41, MACD bearish). However, OI and liquidation analysis suggest caution: OI down indicates LONG CAPITULATION not new short pressure, and MEDIUM LONG_LIQUIDATION warns of potential bounce after flush. Given our existing SHORT position and these reversal signals, adding new SHORT risk is high. The position is new (15m) and near entry; wait for price action to confirm bearish continuation or show reversal failure before adding."
2026-01-20T12:06:07.488Z,MEMEUSDT,HOLD,75,N/A,"Data shows STRONG SHORT score (4/4) with bearish momentum (RSI 44, MACD bearish, price below EMAs). However, significant conflicting signals advise caution: 1) HIGH NEGATIVE FUNDING (-0.455%) creates short squeeze risk, 2) OI SIGNAL is BULLISH (new longs opening, capital inflow), 3) Price action shows 'WICK REJECTION: 4/5 candles show buyers defending lows'. This indicates underlying buying pressure despite bearish indicators. The EMA spread is only 0.16% (mild/choppy trend), making the bearish trend weak. Combined, these conflicts create a high-risk, low-conviction environment. The aggressive philosophy accepts risk, but the setup is not 'clearly stronger' for a short due to the squeeze risk and buyer defense. Better to HOLD and wait for a clearer, higher-conviction signal."
2026-01-20T12:06:07.488Z,RIVERUSDT,HOLD,75,N/A,"Technical setup strongly favors SHORT (Score 4/4, RSI bearish, EMAs bearish, MACD bearish), but OI analysis indicates LONG CAPITULATION (OI down 5.79% 1h, price down), not new shorts selling. This is a reversal warning, not a trend continuation signal. Combined with price being 3% above recent low and candles showing buyers defending lows (wick rejection warning), the risk of a sharp bounce/squeeze is high. The high negative funding rate further increases squeeze risk. Timing is poor for a new short; better to wait for OI to stabilize or turn bearish with price."
2026-01-20T12:00:19.312Z,BERAUSDT,HOLD,85,N/A,"Current SHORT position is profitable (+$0.58). Technicals are bearish (EMA9<EMA21, RSI 38, MACD bearish, SHORT Score 4/4). However, OI SIGNAL is 'REVERSAL_DOWN' indicating long capitulation, not new short selling. Price is at recent low support ($0.96). OI change is negative, suggesting selling pressure may be exhausted and a bounce risk is elevated. Given the position is already short and profitable, the prudent action is to HOLD and monitor for a breakdown below support or a bounce. Closing now risks missing further downside if support breaks. Entering a new short here is too risky due to the OI signal and support level."
2026-01-20T12:00:19.312Z,RESOLVUSDT,HOLD,78,N/A,"Overall trend is bullish with strong entry score (3/4) and favorable indicators (RSI 59.88, bullish MACD, price above EMA9). However, multiple warning signs present: 1) High negative funding rate suggests short squeeze risk, but OI signal indicates LONG CAPITULATION (reversal_down) which is contradictory and creates uncertainty. 2) Price action shows recent wick rejections (3/5 candles) suggesting sellers at highs. 3) Move maturity is MID (29 candles since EMA cross), indicating trend may be aging. 4) No recent trading history provided, but given conflicting signals between bullish structure and bearish OI/price rejection, better to wait for clearer confirmation. Timing isn't ideal for entry despite strong score."
2026-01-20T12:00:19.312Z,MEMEUSDT,HOLD,80,N/A,"Strong short entry score (4/4) but conflicting signals: OI suggests short covering (REVERSAL_UP), not new selling pressure, and price action shows buyers defending lows (3/5 wick rejections). EMA spread is 0.00% indicating mild/choppy trend. High negative funding warns of potential short squeeze. Market is labeled SIDEWAYS/NEUTRAL. Given these contradictions, the strong short signal may be a trap. Aggressive philosophy accepts risk, but this lacks a clear, high-convidence edge. Waiting for a clearer setup."
2026-01-20T12:00:19.312Z,RIVERUSDT,HOLD,80,N/A,"Strong short signal (4/4) and bearish structure, but critical OI analysis shows 'SHORT COVERING' (price up, OI down) signaling a potential reversal squeeze, not new bearish momentum. Entering a short into this setup is contradictory and high-risk. Funding is highly negative, favoring longs mechanically. Price action shows buyer defense at lows (3/5 candles). Timing is poor; wait for OI to stabilize or turn bearish with price to confirm the downtrend."
2026-01-20T11:55:24.977Z,BERAUSDT,HOLD,85,N/A,"Currently holding a SHORT position opened 4m48s ago. The position is slightly underwater (-$0.72). The market data continues to strongly support the bearish thesis: SHORT entry score is 4/4, bearish EMA trend, RSI at 43.5, MACD histogram negative, and OI signal is BEARISH with new capital flowing into shorts. The funding rate is highly negative, which is favorable for shorts. The move maturity is EARLY, suggesting more downside potential. However, price is near the recent low ($0.96), which may act as minor support. The position is very fresh; the thesis remains intact. The prudent action is to hold and let the trade develop. No new entry is warranted while a position is open."
2026-01-20T11:55:24.977Z,RESOLVUSDT,HOLD,78,N/A,"Technical indicators favor LONG (Score 3/4, bullish EMAs, RSI 58.85, MACD bullish). However, significant caution signals exist: 1) Open Interest indicates LONG CAPITULATION (OI down 1.91% 1H, price down, REVERSAL_DOWN signal), suggesting selling pressure is from long liquidation, not new short interest, which often precedes a bounce but means immediate entry is risky. 2) Price action shows 'WICK REJECTION' warning with 3/5 recent candles having sellers reject highs, indicating overhead resistance. 3) While funding is highly negative (good for longs), timing is poor given OI signal. Better to wait for OI capitulation to complete and price to show clear support or a breakout above recent rejection wicks. No position to close."
2026-01-20T11:55:24.977Z,MEMEUSDT,HOLD,85,N/A,"Mixed signals: technical indicators favor SHORT (score 4/4), but OI is bullish with new longs opening and highly negative funding rate risks short squeeze. Price action shows wick rejection indicating buyer support. Large 24h move up (15.09%) increases reversal risk. Conflicting signals make entry unclear; better to wait for confirmation."
2026-01-20T11:55:24.977Z,RIVERUSDT,HOLD,85,N/A,"Technical indicators strongly favor SHORT (Score 4/4, RSI bearish, EMAs bearish, MACD bearish). However, the Open Interest signal shows 'REVERSAL_UP' with OI falling sharply (-6.24% 1H) indicating this is short covering, not new bearish momentum. Price is also 5.42% below the recent high, suggesting the down move may be mature. The high negative funding rate (-0.6367%) creates short squeeze risk. While the technical setup is strong, the OI and funding context signal a high probability of a bear trap or relief bounce. Waiting for clearer confirmation is prudent."
2026-01-20T11:50:27.778Z,BERAUSDT,SELL,76,N/A,"Strong technical setup for a short. Score is 4/4 SHORT with bearish EMA trend, price below EMA9, RSI at 39.9 (bearish), and MACD showing bearish momentum. Move maturity is early, favorable for entry. High negative funding rate (-0.44%) indicates shorts are paying fees, which can pressure short squeezes, but the technical weakness overrides this risk. Price is near the recent low, but bearish structure and momentum suggest further downside. No position history for this symbol to consider, and risk is managed with stop loss."
2026-01-20T11:50:27.778Z,RESOLVUSDT,HOLD,82,N/A,"Strong structural setup (bullish EMA/RSI/MACD, early move maturity, high negative funding) favors a LONG. However, timing is poor due to immediate price action: price is below EMA9 after a down day, and 4/5 recent candles show sellers rejecting highs [HIGH WICK ⚠️], indicating strong overhead resistance and lack of momentum for immediate entry. OI signal 'REVERSAL_DOWN' suggests long capitulation is still occurring, not new buying. Waiting for a clearer bullish confirmation candle or a retest of support (e.g., EMA21) would improve entry quality. No position to close."
2026-01-20T11:50:27.778Z,MEMEUSDT,HOLD,80,N/A,"Data shows strong conflicting signals, creating high uncertainty. The short entry score is 4/4 with a BEARISH EMA trend and MACD momentum, but this is heavily contradicted by a BULLISH OI signal, BULLISH RSI (47.88), extremely negative funding (-0.5%), and price action showing buyers defending lows (4/5 candles have lower wicks). The trend is also labeled as 'mild/choppy' with a tiny 0.11% EMA spread, indicating weak directional conviction. Following historical trading philosophy, this is not a 'quality setup' and trading here would be gambling on which opposing signal wins. The best action is to confidently wait for a clearer alignment."
2026-01-20T11:50:27.778Z,RIVERUSDT,HOLD,0.5,N/A,"SHORT entry score is 4/2, but the OI signal indicates LONG CAPITULATION, which often precedes a bounce. Timing risk is high given recent rejection wicks at lows. Given conflicting signals, waiting is prudent."
2026-01-20T11:45:56.585Z,BERAUSDT,HOLD,85,N/A,"Technical indicators strongly favor a SHORT (4/4 score, bearish EMAs, RSI 42). However, the Open Interest signal is CRITICAL and contradictory: OI is DOWN while price is down, signaling LONG CAPITULATION, not new short selling. The OI guidance explicitly warns 'CAUTION for SHORT entries' as this suggests a potential bounce/reversal once liquidation finishes. The market is sending mixed messages: strong technicals vs. smart money flow signaling exhaustion. Following the aggressive philosophy, an action is preferred, but the OI warning is a primary filter. The risk of a short squeeze from the HIGH NEGATIVE FUNDING (-0.4471%) is elevated. No recent history on this symbol to reference. The safest action is to HOLD and wait for OI dynamics to align with price action."
2026-01-20T11:45:56.585Z,MEMEUSDT,HOLD,72,N/A,"Technical analysis shows a STRONG SHORT setup (score 4/4) with bearish trend, RSI, and MACD. However, conflicting signals are critical: 1) OI data is BULLISH, indicating new capital flowing into longs, which contradicts the price downtrend and suggests a potential squeeze. 2) The funding rate is extremely negative (-0.5162%), creating a high-risk environment for short positions as shorts pay fees and a squeeze is possible. 3) The EMA trend is labeled mild/choppy with only a 0.14% spread, indicating weak momentum. 4) Recent candles show buyers defending lows (4/5 wick rejections). Given these strong contradictions between price action and underlying capital flow, the risk of a violent reversal (short squeeze) is elevated. No recent trading history for this symbol, but the conflicting signals make this too risky for a clean entry. Better to wait for alignment or a clearer signal."
2026-01-20T11:45:56.585Z,RIVERUSDT,HOLD,85,N/A,"While technical indicators (SHORT score 4/4, bearish EMA/RSI/MACD) strongly favor a short, the Open Interest signal (REVERSAL_DOWN / LONG CAPITULATION) warns against new short entries. Price is down but OI is falling sharply (-7.04% 1H), indicating longs are exiting, not new shorts selling. This is classic capitulation that often precedes a bounce or reversal. With strong negative funding (-0.6821%), a short squeeze risk is elevated if liquidation pressure eases. Price is also 3.18% above the recent low, showing some buyer defense (seen in wick rejections on 4/5 candles). The timing is poor for a new short. Better to wait for OI to stabilize or show renewed selling pressure."
2026-01-20T11:40:15.295Z,RESOLVUSDT,HOLD,75,N/A,"Technical setup moderately favors LONG (score 3/4, bullish EMAs, RSI 55, MACD bullish, early move maturity). However, critical warnings exist: 1) Price is below EMA9 suggesting pullback/weakness, 2) Open Interest signal shows 'REVERSAL_DOWN' (longs capitulating), which contradicts a strong long entry until capitulation completes, 3) Volume is 99% below average, indicating low conviction, 4) 24h price change is -4.35%, indicating recent selling pressure. The OI guidance explicitly cautions against shorting but does not confirm a long entry. Combined with low volume, this creates an unreliable signal. Waiting for price to reclaim EMA9 with supporting volume or for the OI signal to shift is prudent."
2026-01-20T11:40:15.295Z,BERAUSDT,HOLD,78,N/A,"Technical indicators strongly favor a SHORT (4/4 score, bearish EMA, MACD negative), but the OI signal warns of LONG CAPITULATION (REVERSAL_DOWN) and not new shorts selling. This creates a high risk of a squeeze or reversal bounce, especially with the extremely high negative funding rate. Price is also near the recent low, increasing bounce risk. The conflicting signals between strong technicals and dangerous OI/funding context make a SHORT entry too risky. A HOLD is prudent to wait for clearer direction."
2026-01-20T11:40:15.295Z,RIVERUSDT,HOLD,78,N/A,"The technical indicators strongly favor a SHORT (score 4/4, bearish trend, RSI 36.8). However, the Open Interest analysis signals a critical warning: OI is down 6.29% over 1h, indicating this price action is driven by short covering, not new selling pressure. The 'OI SIGNAL: REVERSAL_UP' and 'HIGH NEGATIVE FUNDING' create a high risk of a short squeeze. Entering a short now is chasing into a potential reversal. Timing is poor. Wait for OI to stabilize or show renewed bearish inflow before considering a short entry."
2026-01-20T11:40:15.295Z,ROSEUSDT,HOLD,85,N/A,"Technical indicators strongly favor SHORT (score 4/4, bearish EMAs, RSI 35.8). However, critical context signals extreme caution: Price is at recent support, OI is falling indicating LONG CAPITULATION not new short selling, and there is ongoing MEDIUM severity LONG_LIQUIDATION. This combination creates a high risk of a short-term bounce or squeeze, especially given the high negative funding rate. The risk of entering a short into a capitulation/support zone outweighs the strong bearish momentum. Waiting for a confirmed breakdown below support with OI stabilization would be a higher-probability entry."
2026-01-20T11:34:47.397Z,RESOLVUSDT,HOLD,78,N/A,"Long setup is moderately strong with bullish trend, RSI 54, and MACD bullish. However, Open Interest signal shows LONG CAPITULATION (OI down with price down), indicating a potential bounce but also high immediate selling pressure. Price is also below EMA9, signaling a pullback. The high negative funding rate suggests a short squeeze risk, but waiting for OI to stabilize or for a clear bounce confirmation (e.g., price reclaiming EMA9 with rising OI) is prudent. Timing is not optimal for an immediate entry; better to wait for a stronger signal after this capitulation phase."
2026-01-20T11:34:47.397Z,BERAUSDT,HOLD,78,N/A,"SHORT entry score is 4/4, but OI signal (REVERSAL_DOWN) and liquidation guidance strongly warn against new shorts, indicating long capitulation and potential bounce. RSI at 46 is bullish for LONG, but LONG score is only 1/4 and long liquidations are still occurring. Market is in a bearish structure with conflicting signals; timing is poor for a short due to high reversal risk, and long entry is not supported. Better to wait for clearer alignment."
2026-01-20T11:34:47.397Z,ROSEUSDT,HOLD,75,N/A,"Technical indicators strongly favor a SHORT (score 4/4), but OI and liquidation signals warn of potential reversal. OI is down significantly (1H: -4.61%, 4H: -6.65%) signaling LONG CAPITULATION, not new short pressure. Combined with MEDIUM LONG_LIQUIDATION, this suggests the down move may be exhausting. While RSI is bearish at 36.7, the price has already dropped 12.14% in 24h, increasing bounce risk. Entry timing is poor; the market appears to be in a liquidation phase, not a healthy trending short. Waiting for clearer confirmation or a bounce to short at a better level is prudent."
2026-01-20T11:29:57.074Z,RESOLVUSDT,HOLD,70,N/A,"Conflicting signals between bullish technical structure (EMA, RSI, MACD, STRONG LONG score) and bearish capital flow (OI signal BEARISH). Price is in a constructive pullback below EMA9, but OI indicates new short positions are opening. High negative funding favors longs, but timing is uncertain. No recent history to reference. Awaiting clearer alignment or a stronger price reaction at support before committing capital."
2026-01-20T11:29:57.074Z,BERAUSDT,HOLD,75,N/A,"Technical indicators strongly favor a SHORT (Score: 4/4, RSI bearish, MACD bearish, price below EMA9). However, Open Interest analysis shows 'REVERSAL_DOWN' signal with OI decreasing - this indicates long capitulation, not new short selling. The OI guidance explicitly warns: 'CAUTION for SHORT entries - price down but OI down' and 'Trend may reverse once capitulation completes.' Combined with the extremely negative funding rate (-0.47%) that could fuel a short squeeze, the risk/reward for a new short entry is poor despite the bearish technicals. Better to wait for OI to stabilize or show renewed bearish momentum."
2026-01-20T11:29:57.074Z,RIVERUSDT,HOLD,75,N/A,"Market shows conflicting signals and high-risk context. Trend is mild/choppy (EMA spread 0.01%), with price below EMA9. OI signal indicates short covering (REVERSAL_UP), not new buying, suggesting the recent rally may exhaust. RSI at 43.65 is bearish, but MACD shows bullish momentum, creating ambiguity. Recent candles show rejection wicks (#5, #21, #26), indicating sellers at highs. Funding rate is highly negative (-0.7472%), warning of potential short squeezes but also signaling crowded shorts. Entry quality is only MODERATE (2/4 for both LONG and SHORT). Given the unclear trend, lack of strong OI inflow, and timing after a 3.45% 24h gain, risk outweighs reward. Better to wait for clearer directional confirmation or a stronger setup."
2026-01-20T11:29:57.074Z,ROSEUSDT,HOLD,78,N/A,"Technical indicators strongly favor SHORT (4/4 score), but OI signal and liquidation analysis warn of long capitulation and potential reversal. Price is down 12% in 24h, increasing bounce risk. Entering a short now is chasing a potentially exhausted move. The OI guidance explicitly cautions against new shorts during long liquidation. Waiting for clearer confirmation or a bounce to re-enter is prudent."
2026-01-20T11:25:34.135Z,RESOLVUSDT,HOLD,82,N/A,"Technical indicators show a STRONG LONG setup (3/4 score, bullish EMA/RSI/MACD, early move maturity). However, there is a critical CONFLICT: the Open Interest signal is BEARISH, indicating capital flowing into shorts against the price trend. This divergence (price up, OI bearish) suggests the rally may be weak or driven by short covering, not strong new long interest. Additionally, LOW VOLUME (95% below average) severely undermines the momentum's reliability and increases slippage/volatility risk. While the aggressive philosophy accepts risk, entering a LONG here conflicts with the 'OI increasing + price moving = NEW MONEY' rule. The market needs to resolve this divergence. Waiting for either OI to turn bullish with price or for a clearer pullback with volume is prudent."
2026-01-20T11:25:34.135Z,BERAUSDT,HOLD,80,N/A,"SHORT score is 4/4 but OI signals long capitulation (REVERSAL_DOWN) and high negative funding suggests short squeeze risk. Mixed signals with bearish technicals but contra OI. Wait for clearer direction."
2026-01-20T11:25:34.135Z,RIVERUSDT,HOLD,75,N/A,"Long entry score is 3/4 and MACD/RSI are bullish. However, OI signal indicates price rise is from short covering, not new buying, suggesting the trend is weak and may reverse once covering completes. Price is below EMA9 after a recent pump, showing rejection wicks on highs. This is a classic 'good signal, bad context' scenario where entering now risks buying into exhaustion. Recent 24h price change is +4.66%, and BTC is down, adding headwinds. HOLD is the prudent choice."
2026-01-20T11:25:34.135Z,ROSEUSDT,HOLD,75,N/A,"Technical indicators strongly favor SHORT (score 4/4), but Open Interest and Liquidation signals warn of a potential reversal due to long capitulation, not new short selling. The OI pattern (REVERSAL_DOWN) and active LONG_LIQUIDATION (MEDIUM) suggest the current downtrend may be exhausting as weak longs are flushed out. Price is down -11.73% in 24h, increasing the risk of a counter-trend bounce. While the RSI (37.96) and bearish EMA structure are compelling, the OI guidance advises caution for new shorts. With no current position, the prudent action is to wait and monitor for clearer continuation signals or a bounce setup."
2026-01-20T11:21:01.879Z,BERAUSDT,HOLD,82,N/A,"The SHORT entry score is 4/4, indicating a strong bearish setup with price below EMAs and bearish MACD. However, the Open Interest signal is 'REVERSAL_DOWN' (long capitulation), not new short selling, which suggests the down move may be exhausting. The EMA spread is only 0.29%, indicating a weak, choppy trend. The funding rate is extremely negative (-0.4834%), warning of a potential short squeeze. Combined with the weak trend structure, the risk of a sharp reversal outweighs the bearish momentum. No recent trading history for this symbol, but the conflicting signals and high negative funding advise caution. Waiting for clearer confirmation is the prudent choice."
2026-01-20T11:21:01.879Z,RIVERUSDT,HOLD,78,N/A,"Overall bullish trend (EMA, RSI, MACD, OI) supports a LONG bias, but price is currently below EMA9 and showing rejection wicks at highs. The 24h move of +6.27% suggests some exhaustion. While the LONG score is 3/4, timing is poor for immediate entry. A pullback to stronger support near EMA21 ($34.12) or a clear breakout above recent high ($34.93) would offer a higher-quality entry. No current position, so waiting is prudent."
2026-01-20T11:21:01.879Z,ROSEUSDT,HOLD,82,N/A,"Entry quality strongly favors SHORT (4/4), indicators bearish, and OI analysis shows LONG CAPITULATION with heavy liquidations. However, timing is critical: price down 10.38% in 24h with OI falling sharply (-5.21% 1H, -6.84% 4H). This suggests longs are being forced out, not new shorts entering. The OI signal is REVERSAL_DOWN, warning of potential bounce after capitulation completes. Entering SHORT now risks catching the bottom of the liquidation flush. Better to wait for confirmation of renewed bearish momentum or a bounce to resistance. HOLD and monitor for clearer entry."
2026-01-20T11:15:33.924Z,RESOLVUSDT,HOLD,85,N/A,"Trend and OI are bullish, but LONG score is only MODERATE (2/4) and price is within 0.24% of recent high, increasing rejection risk. RSI at 70.46 is elevated. Critical entry rules advise against FOMO at resistance; prefer to wait for a clearer breakout with retest or a pullback to EMA support for a higher-quality entry. No recent losses on this symbol, but setup lacks the conviction needed for an aggressive entry."
2026-01-20T11:15:33.924Z,RIVERUSDT,HOLD,75,N/A,"Strong bullish structure with EMA, RSI, MACD, and OI all supportive for LONG. However, 4/5 recent candles show wick rejection (sellers at highs), volume is 61% below average (low conviction), and price is only 1% below recent high after an 8% pump, suggesting immediate upside may be limited. Entry quality is STRONG (3/4), but timing is poor for a new long entry due to rejection patterns and low volume. Better to wait for a pullback to support or a breakout with higher volume confirmation."
2026-01-20T11:15:33.924Z,ROSEUSDT,HOLD,82,N/A,"Short score is 3/4 and technicals are bearish, but OI and liquidation analysis strongly warn against new short entries. OI is down significantly (REVERSAL_DOWN signal), indicating long capitulation not new short selling. High severity LONG_LIQUIDATIONS suggest a potential capitulation bottom forming near current support. Price is at recent low support (-10.9% 24h move) with high negative funding, increasing risk of a sharp short squeeze. Timing is poor for a new short; better to wait for a confirmed breakdown below support or a bounce and retest. No historical data provided for this symbol, but current signals are conflicting."
2026-01-20T11:10:13.607Z,RESOLVUSDT,HOLD,82,N/A,"Mixed signals with moderate risk. While the overall trend is bullish (EMA bullish, MACD positive) and move maturity is early, key negatives advise caution: price is at the exact recent high resistance (0.00% below), volume is extremely low (96% below average), and the OI signal indicates LONG CAPITULATION (REVERSAL_DOWN), not fresh buying momentum. The LONG entry score is only 2/4 (MODERATE). Given the resistance test, low volume, and capitulation signal, the risk of a false breakout or immediate rejection is elevated. Safer to HOLD and wait for a confirmed breakout above $0.10 with volume, or a pullback to support with stronger bullish OI flow."
2026-01-20T11:10:13.607Z,BERAUSDT,HOLD,75,N/A,"Analysis shows conflicting signals. Technical indicators (EMA bearish, MACD bearish momentum) strongly favor a SHORT entry with a SHORT score of 4/4. However, critical counter-signals exist: 1) The funding rate is highly negative (-0.4937%), creating significant short squeeze risk and making short positions expensive to hold. 2) Open Interest (OI) analysis shows a bullish OI signal with new money flowing into LONG positions, contradicting the bearish technical trend and price action. This divergence suggests a potential reversal or strong buying pressure against the downtrend. 3) Price action shows resilience near $0.99-1.00, with price currently above the EMA9, indicating a possible short-term bounce or reversal attempt. 4) RSI is neutral at 49.50, not confirming oversold conditions for a short entry. Entering a short position now carries high risk due to the negative funding pressure and bullish OI flow. A HOLD is the prudent decision to avoid a potential squeeze against the position."
2026-01-20T11:10:13.607Z,RIVERUSDT,HOLD,72,N/A,"The setup is strong with a bullish trend, rising OI, and a LONG score of 3/4. However, the price has already rallied 8.69% in 24h and is near the recent high ($35.19), showing rejection wicks on recent candles. This suggests a potential short-term pullback or consolidation before another leg up. The high negative funding rate (-0.7582%) indicates strong short pressure, which could fuel a squeeze higher, but entering here after the move carries higher risk. Waiting for a pullback to support (e.g., EMA9 ~$34.38) or a confirmed breakout above $35.19 would offer a better risk-reward entry."
2026-01-20T11:10:13.607Z,ROSEUSDT,HOLD,75,N/A,"The data presents a strong technical case for a SHORT (Score 4/4, Bearish EMA/RSI/MACD, -9.89% 24h move). However, critical context from OI and liquidation analysis warns against it. OI is falling sharply with price (REVERSAL_DOWN signal), indicating long capitulation, not new short selling. Price is also at the recent low (0.18% above support) with LOW LONG LIQUIDATION pressure, suggesting selling may be exhausting. High negative funding (-45.54% annualized) creates a short squeeze risk. The combination of price at support, falling OI, and capitulation signal means a bounce is probable. Entering a short here is high-risk FOMO. Better to wait for a confirmed breakdown below support with OI confirmation, or for a bounce to play a retest of resistance."
2026-01-20T11:04:48.679Z,RESOLVUSDT,HOLD,82,N/A,"Technical indicators (EMA, RSI, MACD) suggest a bullish structure with a strong LONG entry score of 3/4. However, critical conflicting signals advise against entry: 1) Price is at recent high/resistance ($0.10) with multiple rejection wicks (3/5 candles), violating 'NO WICK ENTRIES' and 'DO NOT FOMO at resistance' rules. 2) Open Interest (OI) signal is BEARISH, indicating new capital flowing into shorts, which contradicts the technical bullish momentum and suggests underlying selling pressure. 3) The high negative funding rate warns of a potential short squeeze, but entering long here is chasing at resistance without a confirmed breakout. The AGGRESSIVE philosophy accepts risk, but the CRITICAL ENTRY RULES mandate waiting for a cleaner setup, such as a breakout above $0.10 with bullish OI confirmation or a pullback to support. Current mixed signals and resistance level make HOLD the prudent choice."
2026-01-20T11:04:48.679Z,BERAUSDT,HOLD,85,N/A,"Entry conditions favor SHORT (4/4 score) with bearish EMA, MACD, and price below EMAs. However, extreme negative funding rate (-0.5%) signals strong short pressure and high short squeeze risk. OI is decreasing on price up moves (short covering), not new selling momentum. Price is only 2.11% above recent low, suggesting limited immediate downside. Timing is poor for a new short given the high cost to hold and squeeze risk. Better to wait for clearer momentum or a bounce to enter short more safely."
2026-01-20T11:04:48.679Z,RIVERUSDT,HOLD,75,N/A,"Overall bullish structure (EMA9>EMA21, RSI 55, MACD bullish, strong OI inflow). However, price is below EMA9 after a 6.55% 24h pump, showing a pullback. Critical issue: recent candles (#22-#30) show repeated upper wick rejections near $35 (e.g., #22 H:35.19, #23 H:35.08), indicating strong selling pressure at highs. The 'LONG ENTRY WARNINGS' note 4/5 candles show sellers rejecting highs. Entering a LONG now during this consolidation with visible rejection risks buying into resistance. Need to see a clean break above $35 or a stronger pullback to support (near EMA21 ~$34.02) with a bullish reversal candle for a higher-confidence entry. Waiting for a clearer signal."
2026-01-20T11:04:48.679Z,ROSEUSDT,HOLD,85,N/A,"Technical indicators (EMA bearish, RSI 37.95, MACD bearish) and SHORT score 4/4 strongly favor a short. However, the OI signal of 'REVERSAL_DOWN' indicates long capitulation, not new short selling, warning of a potential bounce. Price is near recent low (0.24% above), increasing bounce risk. The 24h price change of -9.28% suggests the down move is mature, and entering a short now risks catching a reversal. Given the conflicting OI guidance and timing, a cautious HOLD is best to wait for clearer confirmation or a better entry."
2026-01-20T11:00:30.233Z,BERAUSDT,HOLD,75,N/A,"Technical indicators strongly favor SHORT (score 4/4, bearish EMA, RSI 41, negative MACD). However, OI signal shows REVERSAL_UP (short covering), not new selling pressure. Price is down only 1.11% today, and we are near recent low ($0.96). With a highly negative funding rate (-0.5028%), risk of a short squeeze rebound is elevated. The bearish momentum is early but conflicting with OI flow. Better to wait for clearer confirmation or a bounce to short into."
2026-01-20T11:00:30.233Z,RIVERUSDT,HOLD,78,N/A,"Strong bullish structure, OI inflow, and early move maturity favor LONG. However, current price is below EMA9 after a sharp 8% 24h pump, and multiple recent candles show upper-wick rejection near $35.19 high. This suggests a pullback or consolidation is likely first. The aggressive strategy would enter on momentum, but the 'NO WICK ENTRIES' and 'PULLBACKS ONLY' rules advise waiting for a cleaner entry signal, such as a bounce from support or a breakout above the recent high. HOLD for now to avoid chasing."
2026-01-20T11:00:30.233Z,ROSEUSDT,SELL,68,N/A,"Strong bearish structure with SHORT score 4/4, confirmed by bearish EMA, RSI, MACD, and OI showing capital flowing into shorts. However, price is at recent support with clear rejection wicks (3/5 candles), indicating buyer defense and increasing bounce risk. Entering short here is a moderate setup due to potential support hold. Using tighter stop to manage risk."
2026-01-20T10:54:43.824Z,RESOLVUSDT,HOLD,75,N/A,"Conflicting signals. LONG entry score is 3/4 with bullish EMAs, RSI, MACD, and early-stage trend. However, BEARISH OI signal (new money flowing into shorts) and -3.92% 24h price decline create significant divergence. Price action shows buyers defending lows (wick rejection warnings), but OI suggests institutional bias is short. This conflict reduces confidence for a directional entry. Better to wait for clearer alignment between price action and capital flow."
2026-01-20T10:50:38.921Z,BERAUSDT,HOLD,78,N/A,"Market is in a SIDEWAYS/NEUTRAL state with conflicting signals. LONG and SHORT scores are both 2/4 (MODERATE), indicating no clear edge. Price is at recent low support ($0.98), but EMA spread is minimal (0.06%) showing a weak/choppy trend. RSI is bearish at 43.58, but MACD histogram shows slight bullish momentum. OI signal is bullish with new capital inflow, but the overall trend is not strong enough for a confident directional entry. The high negative funding rate warns of potential short squeeze risk, adding uncertainty. Given the mixed signals and lack of a clear trend, waiting for a stronger setup is prudent."
2026-01-20T10:50:38.921Z,RIVERUSDT,HOLD,72,N/A,"The setup has strong bullish fundamentals (OI inflow, EMA trend, LONG score 3/4, negative funding favorable for longs) and is in an early maturity phase, which is excellent. However, the immediate price action is concerning: the price is below EMA9 after a significant 7.65% 24h pump, and the last 5 candles show clear rejection wicks at highs ($35.19, $35.08), indicating seller pressure. The timing is poor for a new long entry; this looks like a consolidation or pullback phase after a strong move. Entering here risks buying into short-term exhaustion. Better to wait for a clear bullish resumption, such as a break above $34.36 (EMA9) with momentum, or a deeper pullback to stronger support near EMA21 ($33.97) holding."
2026-01-20T10:45:18.777Z,BERAUSDT,HOLD,72,N/A,"The data shows a strong bullish setup (LONG Score 3/4, bullish OI, early move maturity, positive funding for longs). However, the current price is below EMA9 and has shown recent rejection near $1.01 (candle #28 had a high of $1.01 and closed lower). Entering a LONG now is chasing a pullback that may extend lower to test EMA21 at $0.99. The EMA spread is mild (0.23%), indicating a weak trend momentum. Waiting for a clearer confirmation, such as a bounce off EMA21 support or a break above the recent high with less wick rejection, would be a higher-probability entry. No position is open, so HOLD is prudent."
2026-01-20T10:45:18.777Z,RIVERUSDT,HOLD,70,N/A,"Strong bullish trend with 3/4 LONG score, rising OI, and early move maturity. However, price is extended +9.6% in 24h and showing 3/5 wick rejections near $35.19 high. Entering now risks chasing. Waiting for a pullback to support (EMA9 ~$34.40) or a clean breakout above $35.19 would improve entry quality. No account history to counter."
2026-01-20T10:39:57.653Z,RESOLVUSDT,HOLD,75,N/A,"Technical indicators strongly favor LONG (score 3/4, bullish EMAs, RSI 57, MACD positive). However, the Open Interest (OI) signal is BEARISH, showing new money flowing into short positions, which creates a significant conflict. Price is near the recent high, and the 24h change is -7.34%, suggesting recent weakness. The high negative funding rate warns of a potential short squeeze, but this is not a confirmed trigger. Given the conflicting core signals (bullish price structure vs. bearish capital flow) and the need for a clear breakout above the recent high, the setup is not definitive enough for a high-confidence entry. Waiting for OI alignment or a clear price breakout is prudent."
2026-01-20T10:39:57.653Z,BERAUSDT,HOLD,75,N/A,"Overall bullish setup with 3/4 LONG score, bullish OI signal, and early move maturity. However, price is at the recent high ($1.01) and the last few candles show consolidation with an upper wick (#28, #30), indicating potential resistance and rejection. According to CRITICAL ENTRY RULES, I must wait for a breakout + retest and avoid entries on wicks. The mild EMA spread (0.25%) also suggests a weaker trend. Timing is poor for immediate entry. Better to wait for a clearer breakout or a pullback to support."
2026-01-20T10:39:57.653Z,RIVERUSDT,HOLD,80,N/A,"Strong bullish trend with OI inflow and good LONG score (3/4). However, price is currently below EMA9 after a 6.82% 24h pump, showing pullback. Multiple recent candles (#27-30) have significant upper wicks, indicating seller rejection near $35.19 high. Timing is poor for immediate entry; waiting for a confirmed bounce off support or a breakout above the recent high with less wick rejection would be better. No historical data indicates this is a worst performer, so a high-quality setup is preferred."
2026-01-20T10:34:53.418Z,RIVERUSDT,HOLD,75,N/A,"Market shows strong bullish structure with rising OI and positive MACD, but timing is poor. Price is near the recent high ($35.19) after a 9.21% 24h pump, and the last 5 candles show significant upper wicks indicating seller rejection. Entering long here risks a pullback. The LONG score is only 2/4 (MODERATE). Wait for a breakout above $35.20 with confirmation or a healthy pullback to support (e.g., EMA9 ~$34.29) with reduced selling pressure."
2026-01-20T10:34:53.418Z,MEMEUSDT,HOLD,78,N/A,"Mixed and conflicting signals. The SHORT entry score is 3/4, but OI trend is BULLISH (new longs opening), price action is at resistance with a warning against FOMO, and funding is extremely negative favoring longs/squeezes. The EMA spread is only 0.09% (mild/choppy), indicating a weak trend. RSI is neutral-bullish at 56.33. This creates a high-conflict environment. The aggressive strategy would push for a short, but the OI and funding warnings are strong contra-indicators. Given the 'SIDEWAYS MARKET: NO CLEAR TREND' warning and conflicting data, the safest action is to wait for a clearer directional signal or a confirmed breakout/breakdown."
2026-01-20T10:29:51.802Z,BERAUSDT,HOLD,82,N/A,"Technical setup is bullish with a STRONG 3/4 LONG score, early trend stage, and price above EMAs. However, OI analysis shows price rise is from SHORT COVERING (OI down), not new buying, signaling a high risk of reversal once covering completes. The 5.70% 24h move also increases timing risk of chasing. Await a stronger signal of new capital inflow or a pullback for a safer entry."
2026-01-20T10:29:51.802Z,MEMEUSDT,HOLD,75,N/A,"Strong conflicting signals. SHORT entry score is 4/4 with bearish EMA and MACD, but OI signal is BULLISH with new capital inflow, RSI is bullish at 53, and there is a high negative funding rate warning of potential short squeezes. Price is 17.7% up in 24h, indicating a strong prior move and heightened reversal risk if shorting now. Given the high volatility and conflicting data, waiting for clearer alignment is the prudent choice."
2026-01-20T10:25:11.887Z,BERAUSDT,HOLD,85,N/A,"Conflicting signals create a poor risk/reward for entry. Price is at the recent high after a +5.7% 24h move, with clear rejection wicks in recent candles. Critically, Open Interest is falling while price rises (REVERSAL_UP signal), indicating this is short covering, not new bullish momentum. The aggressive philosophy favors action, but the core entry rules warn against FOMO at resistance and wick entries. The trend is mild (EMA spread 0.04%), and the OI guidance explicitly cautions against long entries here. Better to wait for a clear breakout with OI confirmation or a pullback to a stronger support level."
2026-01-20T10:25:11.887Z,RIVERUSDT,HOLD,85,N/A,"Strong bullish trend (EMA, MACD, OI) but price is at a critical juncture. Current price ($34.90) is within 0.82% of the recent high ($35.19) and the last candle (#30) shows a large upper wick, indicating strong seller rejection at that level. Furthermore, 4 of the last 5 candles show wick rejection, suggesting momentum is stalling. RSI at 71.53 is elevated. While the OI signal is bullish and the long score is 2/4, entering a LONG here violates the 'CRITICAL ENTRY RULES': 1) Price is at the Recent High (no breakout + retest), and 2) The last candle has a significant upper wick. A SHORT is not justified due to the strong underlying trend. The prudent action is to HOLD and wait for a clear breakout above $35.19 with confirmation, or a pullback to support (e.g., EMA9 at $34.15) with a reduction in rejection wicks."
2026-01-20T10:25:11.887Z,MEMEUSDT,HOLD,85,N/A,"Entry quality check strongly favors SHORT (4/4), but OI signal is BULLISH (new money flowing into longs), creating a direct conflict. EMA trend is bearish, but price is above EMA9 suggesting a possible bearish relief rally or early reversal. RSI is neutral at 48.12. Price action shows mixed candles with sellers rejecting highs, but the conflicting core signals (strong short score vs. bullish OI) make directional conviction low. The market is sending mixed messages; waiting for clearer alignment is prudent."
2026-01-20T10:19:45.490Z,BERAUSDT,HOLD,78,N/A,"Entry score strongly favors SHORT (4/4), but multiple conflicting signals create high risk. OI analysis shows price rise is from short covering, not new buying, signaling a potential imminent reversal. Price has strong downside momentum below EMAs, but 24h move is +6% up, indicating we may be chasing. RSI is neutral but labeled 'BULLISH'. High negative funding warns of short squeeze risk. The EMA trend is bearish but 'mild/choppy' with a 0.06% spread, suggesting weak momentum. Given the contradiction between the strong short score and the OI/squeeze warning, alongside a 6% green day, the setup is too conflicted and timing is poor. Better to wait for clearer alignment."
2026-01-20T10:19:45.490Z,RIVERUSDT,HOLD,75,N/A,"Bullish structure with OI inflow supports LONG, but price action shows persistent seller rejection at highs (5/5 candles with upper wicks) near recent high. Entry is MODERATE (2/4) and 24h move is +10.5%, increasing timing risk. Await a cleaner breakout above $34.80 or a pullback to support with less wick rejection."
2026-01-20T10:19:45.490Z,MEMEUSDT,HOLD,85,N/A,"Strongly conflicting signals: SHORT entry score is 4/4 with bearish EMA trend and MACD, but OI signal is BULLISH with new capital inflow and RSI is neutral-bullish at 50.62. The overall market is labeled NEUTRAL/SIDEWAYS with no clear trend. This creates a high-risk, low-conviction environment. The aggressive philosophy accepts risk, but the core rule is to trade clear trends. Here, the signals are directly opposed (strong technical short vs. strong capital flow long), making a directional bet speculative. Waiting for a clearer alignment is prudent."
2026-01-20T10:14:52.339Z,ROSEUSDT,HOLD,78,N/A,"Strong technical short score (4/4) conflicts with OI reversal signal and high negative funding. OI analysis indicates long capitulation, not new short selling, which often precedes a bounce. Price is down -5.79% in 24h, increasing reversal risk. Recent candles show buyer defense at lows. The aggressive philosophy accepts risk, but the confluence of a potential short squeeze (high negative funding), long liquidation (OI down 17% 4H), and an already extended move down makes a short entry here poor risk-reward. Wait for clearer directional confirmation."
2026-01-20T10:14:52.339Z,BERAUSDT,HOLD,78,N/A,"Mild bullish trend with strong LONG score (3/4), but OI signal indicates short covering (REVERSAL_UP), not new buying. Price is near recent high with a 24h change of +8.15%, increasing reversal risk. Funding is highly negative (-0.5182%), supporting short squeeze potential, but entering now may be chasing after a significant move. Wait for a clearer breakout above $1.00 or a pullback with OI confirmation for a stronger entry."
2026-01-20T10:14:52.339Z,RIVERUSDT,HOLD,82,N/A,"The setup shows strong bullish structure (EMA bullish, RSI 62.7, OI confirming capital inflow, LONG score 3/4). However, the 24h price change is +8.52%, and the current price is just 1.86% below the recent high of $34.64, indicating potential resistance and late timing for entry. Most critically, 4 out of the last 5 candles show 'WICK REJECTION' with sellers rejecting highs. This is a significant warning against entering a long at this level. Per entry rules: 'NO WICK ENTRIES' and 'DO NOT FOMO' at resistance. A HOLD is prudent to wait for a pullback to support (e.g., near EMA9 at $33.85) or a confirmed breakout above $34.64 with a clean retest."
2026-01-20T10:10:28.771Z,BERAUSDT,HOLD,78,N/A,"Market shows conflicting signals. Overall trend is BEARISH (EMA9<EMA21), and SHORT entry score is 3/4, but OI signal is BULLISH (new longs opening), and RSI is neutral-bullish at 46.73. Price action shows rejection wicks in both directions, indicating indecision. The 6.71% 24h up move suggests caution entering longs now (chasing), while shorting against bullish OI and RSI is risky. Mild trend (EMA spread 0.05%) suggests choppiness. No historical data for this symbol to reference, but current conditions favor waiting for clearer alignment."
2026-01-20T10:10:28.771Z,RIVERUSDT,HOLD,78,N/A,"Bullish structure (EMA, MACD, OI inflow) but price has rallied 8% in 24h and is showing multiple rejection wicks near recent high ($34.64). Entry score is only MODERATE (2/4) with a LONG warning for wick rejection on 4/5 candles. RSI at 65 is acceptable but timing is poor: entering after a strong move near resistance increases risk. No recent trading history on this symbol, but the setup lacks a clear, low-risk pullback entry. Better to wait for a consolidation or pullback to support (e.g., EMA9 at $33.83) to confirm strength before entering LONG."
2026-01-20T10:05:25.728Z,ROSEUSDT,HOLD,82,N/A,"Entry score strongly favors SHORT (4/4), but OI and liquidation signals warn of a potential bounce due to long capitulation, not new short selling pressure. Price action is bearish (EMA9 < EMA21, MACD bearish), but RSI is neutral-bullish (47.43). The market is in a state of forced selling (MEDIUM long liquidations) with OI down sharply (-18.55% 4H). This is a classic 'falling knife' scenario. Entering a short here risks getting caught in a squeeze, especially with high negative funding. The SHORT setup is technically strong but the underlying money flow suggests the move may be exhausting. Wait for clearer confirmation, such as OI stabilizing or resuming its decline alongside price, or for a bounce and rejection at a lower high to offer a better risk/reward short entry."
2026-01-20T10:05:25.728Z,BERAUSDT,HOLD,80,N/A,"Entry score is strong (3/4) and OI supports LONG, but multiple conflicting signals and poor timing warrant caution. Price is below EMA9 after a significant 8.18% 24h pump, showing weakness. Multiple candles show upper wick rejections, indicating selling pressure. The EMA spread is 0.00% (mild/choppy), suggesting weak trend strength. The move maturity is early, but entering after such a large move increases reversal risk. BTC is down -2.09%, adding negative macro pressure. While funding is highly negative, favoring longs, the price action and timing suggest waiting for a clearer pullback to support or a breakout above recent high with confirmation is better."
2026-01-20T10:05:25.728Z,RIVERUSDT,HOLD,75,N/A,"Strong bullish trend with OI inflow and good technicals, but price is near recent high ($34.64) after an 8.72% 24h pump. Recent candles (#23, #24, #25) show rejection wicks at $34.64, indicating seller pressure. While LONG score is 3/4, entering here risks immediate pullback. Better to wait for a breakout above $34.64 with confirmation or a pullback to support near EMA9 ($33.75) for a safer entry."
2026-01-20T10:00:42.011Z,ROSEUSDT,HOLD,75,N/A,"Entry quality strongly favors a SHORT (score 4/4) with bearish indicators (EMA, RSI, MACD). However, Open Interest and Liquidation analysis signal caution: OI is down significantly (REVERSAL_DOWN signal), indicating long capitulation, not new short selling. Concurrent MEDIUM severity LONG_LIQUIDATION suggests forced selling may be exhausting, increasing bounce risk. Price is also near the recent low (2.94% above), a potential support zone. The low volume (77% below average) further questions momentum. While the technical setup is strong, the OI and liquidation context suggests a reversal is possible, making this a high-risk SHORT entry. Better to wait for clearer confirmation or a bounce to retest resistance."
2026-01-20T10:00:42.011Z,BERAUSDT,HOLD,78,N/A,"Mixed signals with significant conflicting data. The LONG entry score is 3/4 and the overall trend is bullish, with price above EMAs, bullish MACD, and a favorable RSI. However, the OI signal of 'REVERSAL_UP' indicates the price rise is driven by short covering, not new long buying, which is a weak foundation for a trend. This is compounded by low volume (95% below average) and consistent wick rejection from sellers (4/5 candles). The mild EMA spread (0.04%) and BTC's negative 24h change add to the choppy, uncertain environment. The aggressive strategy would typically take the strong long score, but the underlying OI and volume weakness, coupled with the timing after an 8.55% 24h pump, suggest high reversal risk. No recent loss history on this symbol to reference. Waiting for clearer confirmation or a better risk-reward setup is prudent."